id,Name,Image,CP,HP,Attack,Defense,type1,type2,Legend,gen
818,Mega Mewtwo Y,https://pokegocomplete.com/img/pokemon/59ed10e19684d.jpeg,6856,212,426,258,psychic,,1,6
817,Mega Mewtwo X,https://pokegocomplete.com/img/pokemon/59ed10ac1d2b9.jpeg,6185,212,412,222,psychic,fighting,1,6
850,Mega Rayquaza,https://pokegocomplete.com/img/pokemon/59ed1a7631986.jpeg,5752,210,389,216,dragon,flying,1,6
832,Mega Garchomp,https://pokegocomplete.com/img/pokemon/59ed152e9d562.jpeg,5291,216,339,233,dragon,ground,0,6
823,Mega Tyranitar,https://pokegocomplete.com/img/pokemon/59ed12757289f.jpeg,5190,200,309,291,rock,dark,0,6
486,Regigigas,https://pokegocomplete.com/img/pokemon/poke0486.jpeg,4955,220,315,231,normal,,1,4
846,Mega Salamence,https://pokegocomplete.com/img/pokemon/59ed194fe81ab.jpeg,4932,190,310,273,dragon,flying,0,6
791,Solgaleo,https://pokegocomplete.com/img/pokemon/poke0791.jpeg,4791,274,280,219,psychic,steel,1,7
792,Lunala,https://pokegocomplete.com/img/pokemon/poke0792.jpeg,4791,274,280,219,psychic,ghost,1,7
849,Mega Latios,https://pokegocomplete.com/img/pokemon/59ed1a2b4f48c.jpeg,4716,160,335,251,dragon,psychic,1,6
847,Mega Metagross,https://pokegocomplete.com/img/pokemon/59ed1998d655b.jpeg,4691,160,300,310,steel,psychic,0,6
483,Dialga,https://pokegocomplete.com/img/pokemon/poke0483.jpeg,4654,200,302,242,steel,dragon,1,4
643,Reshiram,https://pokegocomplete.com/img/pokemon/poke0643.jpeg,4654,200,302,242,dragon,fire,1,5
644,Zekrom,https://pokegocomplete.com/img/pokemon/poke0644.jpeg,4654,200,302,242,dragon,electric,1,5
493,Arceus,https://pokegocomplete.com/img/pokemon/poke0493.jpeg,4598,240,262,262,normal,,1,4
484,Palkia,https://pokegocomplete.com/img/pokemon/poke0484.jpeg,4559,180,308,247,water,dragon,1,4
848,Mega Latias,https://pokegocomplete.com/img/pokemon/59ed19f539762.jpeg,4555,160,289,314,dragon,psychic,1,6
289,Slaking,https://pokegocomplete.com/img/pokemon/poke0289.jpeg,4548,273,290,183,normal,,0,3
814,Mega Gyarados,https://pokegocomplete.com/img/pokemon/59ed0fe44a0a9.jpeg,4536,190,292,258,water,dark,0,6
821,Mega Heracross,https://pokegocomplete.com/img/pokemon/59ed11c4c0523.jpeg,4495,160,334,228,bug,fighting,0,6
825,Mega Gardevoir,https://pokegocomplete.com/img/pokemon/59ed1313c59c1.jpeg,4387,136,326,266,psychic,fairy,0,6
716,Xerneas,https://pokegocomplete.com/img/pokemon/poke0716.jpeg,4379,252,275,204,fairy,,1,6
717,Yveltal,https://pokegocomplete.com/img/pokemon/poke0717.jpeg,4379,252,275,204,dark,flying,1,6
798,Kartana,https://pokegocomplete.com/img/pokemon/poke0798.jpeg,4362,118,355,253,grass,steel,1,7
808,Mega Charizard Y,https://pokegocomplete.com/img/pokemon/59ed0d2280cc1.jpeg,4287,156,319,232,fire,flying,0,6
794,Buzzwole,https://pokegocomplete.com/img/pokemon/poke0794.jpeg,4286,214,259,259,bug,fighting,1,7
852,Mega Gallade,https://pokegocomplete.com/img/pokemon/59ed1b04190ec.jpeg,4187,136,326,241,psychic,fighting,0,6
810,Mega Alakazam,https://pokegocomplete.com/img/pokemon/59ed0e275e344.jpeg,4175,110,367,230,psychic,,0,6
840,Mega Swampert,https://pokegocomplete.com/img/pokemon/59ed1784b9b0d.jpeg,4165,200,283,218,water,ground,0,6
793,Nihilego,https://pokegocomplete.com/img/pokemon/poke0793.jpeg,4128,218,249,254,rock,poison,1,7
646,Kyurem,https://pokegocomplete.com/img/pokemon/poke0646.jpeg,4118,250,270,187,dragon,ice,1,5
382,Kyogre,https://pokegocomplete.com/img/pokemon/poke0382.jpeg,4074,182,270,251,water,,1,3
383,Groudon,https://pokegocomplete.com/img/pokemon/poke0383.jpeg,4074,182,270,251,ground,,1,3
250,Ho-oh,https://pokegocomplete.com/img/pokemon/poke0250.jpeg,4063,193,239,274,fire,flying,1,2
819,Mega Ampharos,https://pokegocomplete.com/img/pokemon/59ed113657833.jpeg,4006,180,294,206,electric,dragon,0,6
720,Hoopa,https://pokegocomplete.com/img/pokemon/poke0720.jpeg,3992,160,287,241,psychic,ghost,1,6
150,Mewtwo,https://pokegocomplete.com/img/pokemon/poke0150.jpeg,3982,193,300,182,psychic,,1,1
487,Giratina,https://pokegocomplete.com/img/pokemon/poke0487.jpeg,3965,300,206,247,ghost,dragon,1,4
648,Meloetta,https://pokegocomplete.com/img/pokemon/poke0648.jpeg,3950,200,250,250,normal,psychic,1,5
811,Mega Gengar,https://pokegocomplete.com/img/pokemon/59ed0ec1ba652.jpeg,3926,120,349,206,ghost,poison,0,6
813,Mega Pinsir,https://pokegocomplete.com/img/pokemon/59ed0f64a264f.jpeg,3895,130,305,247,bug,flying,0,6
464,Rhyperior,https://pokegocomplete.com/img/pokemon/poke0464.jpeg,3869,230,241,224,ground,rock,0,4
820,Mega Scizor,https://pokegocomplete.com/img/pokemon/59ed117de8f91.jpeg,3859,140,279,270,bug,steel,0,6
816,Mega Aerodactyl,https://pokegocomplete.com/img/pokemon/59ed103786269.jpeg,3855,160,292,216,rock,flying,0,6
824,Mega Blaziken,https://pokegocomplete.com/img/pokemon/59ed12bbe9fa7.jpeg,3844,160,329,168,fire,fighting,0,6
445,Garchomp,https://pokegocomplete.com/img/pokemon/poke0445.jpeg,3823,216,261,198,dragon,ground,0,4
837,Mega Slowbro,https://pokegocomplete.com/img/pokemon/59ed16dadf764.jpeg,3823,190,224,305,water,psychic,0,6
854,Mega Diancie,https://pokegocomplete.com/img/pokemon/59ed1bc200e2f.jpeg,3780,100,342,235,rock,fairy,1,6
839,Mega Sceptile,https://pokegocomplete.com/img/pokemon/59ed1749d06f2.jpeg,3747,140,320,192,grass,dragon,0,6
248,Tyranitar,https://pokegocomplete.com/img/pokemon/poke0248.jpeg,3670,200,251,212,rock,dark,0,2
812,Mega Kangaskhan,https://pokegocomplete.com/img/pokemon/59ed0f03c2f48.jpeg,3667,210,246,210,normal,,0,6
809,Mega Blastoise,https://pokegocomplete.com/img/pokemon/59ed0d6c534dc.jpeg,3660,158,264,240,water,,0,6
807,Mega Charizard X,https://pokegocomplete.com/img/pokemon/59ed0cabaf931.jpeg,3659,156,273,227,fire,dragon,0,6
796,Xurkitree,https://pokegocomplete.com/img/pokemon/poke0796.jpeg,3655,166,330,144,electric,,1,7
838,Mega Steelix,https://pokegocomplete.com/img/pokemon/59ed1718e3ed0.jpeg,3655,150,212,388,steel,rock,0,6
384,Rayquaza,https://pokegocomplete.com/img/pokemon/poke0384.jpeg,3645,191,284,170,dragon,flying,1,3
376,Metagross,https://pokegocomplete.com/img/pokemon/poke0376.jpeg,3644,160,257,248,steel,psychic,0,3
381,Latios,https://pokegocomplete.com/img/pokemon/poke0381.jpeg,3644,160,268,228,dragon,psychic,1,3
249,Lugia,https://pokegocomplete.com/img/pokemon/poke0249.jpeg,3598,212,239,274,psychic,flying,1,2
149,Dragonite,https://pokegocomplete.com/img/pokemon/poke0149.jpeg,3581,182,263,201,dragon,flying,0,1
833,Mega Lucario,https://pokegocomplete.com/img/pokemon/59ed157ca3cc5.jpeg,3573,140,310,185,fighting,steel,0,6
637,Volcarona,https://pokegocomplete.com/img/pokemon/poke0637.jpeg,3555,170,264,210,bug,fire,0,5
706,Goodra,https://pokegocomplete.com/img/pokemon/poke0706.jpeg,3538,180,220,283,dragon,,0,6
373,Salamence,https://pokegocomplete.com/img/pokemon/poke0373.jpeg,3532,190,277,168,dragon,flying,0,3
800,Necrozma,https://pokegocomplete.com/img/pokemon/poke0800.jpeg,3529,194,251,201,psychic,,1,7
822,Mega Houndoom,https://pokegocomplete.com/img/pokemon/59ed1228cc210.jpeg,3525,150,289,194,dark,fire,0,6
485,Heatran,https://pokegocomplete.com/img/pokemon/poke0485.jpeg,3521,182,251,213,fire,steel,1,4
639,Terrakion,https://pokegocomplete.com/img/pokemon/poke0639.jpeg,3468,182,260,192,rock,fighting,1,5
647,Keldeo,https://pokegocomplete.com/img/pokemon/poke0647.jpeg,3468,182,260,192,water,fighting,1,5
721,Volcanion,https://pokegocomplete.com/img/pokemon/poke0721.jpeg,3460,160,252,231,fire,water,1,6
806,Mega Venusaur,https://pokegocomplete.com/img/pokemon/59ed0c106f445.jpeg,3423,160,241,247,poison,poison,0,6
836,Mega Pidgeot,https://pokegocomplete.com/img/pokemon/59ed16a0d9c4b.jpeg,3416,166,280,175,normal,flying,0,6
491,Darkrai,https://pokegocomplete.com/img/pokemon/poke0491.jpeg,3404,140,285,198,dark,,1,4
645,Landorus,https://pokegocomplete.com/img/pokemon/poke0645.jpeg,3403,178,261,187,ground,flying,1,5
635,Hydreigon,https://pokegocomplete.com/img/pokemon/poke0635.jpeg,3401,184,256,188,dark,dragon,0,5
612,Haxorus,https://pokegocomplete.com/img/pokemon/poke0612.jpeg,3395,152,284,183,dragon,,0,5
851,Mega Lopunny,https://pokegocomplete.com/img/pokemon/59ed1ac361ce7.jpeg,3387,130,282,215,normal,fighting,0,6
244,Entei,https://pokegocomplete.com/img/pokemon/poke0244.jpeg,3377,230,235,176,fire,,1,2
380,Latias,https://pokegocomplete.com/img/pokemon/poke0380.jpeg,3377,160,228,268,dragon,psychic,1,3
713,Avalugg,https://pokegocomplete.com/img/pokemon/poke0713.jpeg,3364,190,196,303,ice,,0,6
143,Snorlax,https://pokegocomplete.com/img/pokemon/poke0143.jpeg,3355,320,190,190,normal,,0,1
243,Raikou,https://pokegocomplete.com/img/pokemon/poke0243.jpeg,3349,180,241,210,electric,,1,2
801,Magearna,https://pokegocomplete.com/img/pokemon/poke0801.jpeg,3340,160,246,225,steel,fairy,1,7
718,Zygarde,https://pokegocomplete.com/img/pokemon/poke0718.jpeg,3336,216,203,245,dragon,ground,1,6
145,Zapdos,https://pokegocomplete.com/img/pokemon/poke0145.jpeg,3330,180,253,188,electric,flying,1,1
786,Tapu Lele,https://pokegocomplete.com/img/pokemon/poke0786.jpeg,3328,140,259,229,psychic,fairy,1,7
534,Conkeldurr,https://pokegocomplete.com/img/pokemon/poke0534.jpeg,3305,210,243,172,fighting,,0,5
112,Rhydon,https://pokegocomplete.com/img/pokemon/poke0112.jpeg,3300,210,222,206,ground,rock,0,1
473,Mamoswine,https://pokegocomplete.com/img/pokemon/poke0473.jpeg,3289,220,247,157,ice,ground,0,4
130,Gyarados,https://pokegocomplete.com/img/pokemon/poke0130.jpeg,3281,190,237,197,water,flying,0,1
146,Moltres,https://pokegocomplete.com/img/pokemon/poke0146.jpeg,3272,180,251,184,fire,flying,1,1
830,Mega Banette,https://pokegocomplete.com/img/pokemon/59ed14b85d5ee.jpeg,3267,128,312,164,ghost,,0,6
835,Mega Beedrill,https://pokegocomplete.com/img/pokemon/59ed16588cbb2.jpeg,3261,130,303,171,bug,poison,0,6
829,Mega Manectric,https://pokegocomplete.com/img/pokemon/59ed147a5bf3b.jpeg,3259,140,286,179,electric,,0,6
671,Florges,https://pokegocomplete.com/img/pokemon/poke0671.jpeg,3221,156,212,287,fairy,,0,6
242,Blissey,https://pokegocomplete.com/img/pokemon/poke0242.jpeg,3219,510,129,229,normal,,0,2
787,Tapu Bulu,https://pokegocomplete.com/img/pokemon/poke0787.jpeg,3180,140,249,225,grass,fairy,1,7
409,Rampardos,https://pokegocomplete.com/img/pokemon/poke0409.jpeg,3179,194,295,114,rock,,0,4
468,Togekiss,https://pokegocomplete.com/img/pokemon/poke0468.jpeg,3171,170,225,227,fairy,flying,0,4
526,Gigalith,https://pokegocomplete.com/img/pokemon/poke0526.jpeg,3158,170,226,223,rock,,0,5
134,Vaporeon,https://pokegocomplete.com/img/pokemon/poke0134.jpeg,3157,260,205,177,water,,0,1
530,Excadrill,https://pokegocomplete.com/img/pokemon/poke0530.jpeg,3134,220,255,132,ground,steel,0,5
641,Tornadus,https://pokegocomplete.com/img/pokemon/poke0641.jpeg,3131,158,266,169,flying,,1,5
642,Thundurus,https://pokegocomplete.com/img/pokemon/poke0642.jpeg,3131,158,266,169,electric,flying,1,5
465,Tangrowth,https://pokegocomplete.com/img/pokemon/poke0465.jpeg,3110,200,207,219,grass,,0,4
697,Tyrantrum,https://pokegocomplete.com/img/pokemon/poke0697.jpeg,3106,164,227,221,rock,dragon,0,6
730,Primarina,https://pokegocomplete.com/img/pokemon/poke0730.jpeg,3095,160,232,215,water,fairy,0,7
784,Kommo-o,https://pokegocomplete.com/img/pokemon/poke0784.jpeg,3095,150,222,250,dragon,fighting,0,7
700,Sylveon,https://pokegocomplete.com/img/pokemon/poke0700.jpeg,3094,190,203,237,fairy,,0,6
151,Mew,https://pokegocomplete.com/img/pokemon/poke0151.jpeg,3090,200,210,210,psychic,,1,1
251,Celebi,https://pokegocomplete.com/img/pokemon/poke0251.jpeg,3090,200,210,210,psychic,grass,1,2
385,Jirachi,https://pokegocomplete.com/img/pokemon/poke0385.jpeg,3090,200,210,210,steel,psychic,1,3
490,Manaphy,https://pokegocomplete.com/img/pokemon/poke0490.jpeg,3090,200,210,210,water,,1,4
492,Shaymin,https://pokegocomplete.com/img/pokemon/poke0492.jpeg,3090,200,210,210,grass,,1,4
494,Victini,https://pokegocomplete.com/img/pokemon/poke0494.jpeg,3090,200,210,210,psychic,fire,1,4
450,Hippowdon,https://pokegocomplete.com/img/pokemon/poke0450.jpeg,3089,216,201,212,ground,,0,4
377,Regirock,https://pokegocomplete.com/img/pokemon/poke0377.jpeg,3087,160,179,356,rock,,1,3
378,Regice,https://pokegocomplete.com/img/pokemon/poke0378.jpeg,3087,160,179,356,ice,,1,3
760,Bewear,https://pokegocomplete.com/img/pokemon/poke0760.jpeg,3087,240,226,150,normal,fighting,0,7
474,Porygon-Z,https://pokegocomplete.com/img/pokemon/poke0474.jpeg,3072,170,264,153,normal,,0,4
567,Archeops,https://pokegocomplete.com/img/pokemon/poke0567.jpeg,3056,150,292,139,rock,flying,0,5
649,Genesect,https://pokegocomplete.com/img/pokemon/poke0649.jpeg,3056,142,252,199,bug,steel,1,5
768,Golisopod,https://pokegocomplete.com/img/pokemon/poke0768.jpeg,3037,150,218,249,bug,water,0,7
232,Donphan,https://pokegocomplete.com/img/pokemon/poke0232.jpeg,3022,180,214,214,ground,,0,2
638,Cobalion,https://pokegocomplete.com/img/pokemon/poke0638.jpeg,3009,182,192,260,steel,fighting,1,5
640,Virizion,https://pokegocomplete.com/img/pokemon/poke0640.jpeg,3009,182,192,260,grass,fighting,1,5
842,Mega Sharpedo,https://pokegocomplete.com/img/pokemon/59ed180f43351.jpeg,3008,140,289,147,water,dark,0,6
306,Aggron,https://pokegocomplete.com/img/pokemon/poke0306.jpeg,3004,140,198,314,steel,rock,0,3
196,Espeon,https://pokegocomplete.com/img/pokemon/poke0196.jpeg,3000,130,261,194,psychic,,0,2
462,Magnezone,https://pokegocomplete.com/img/pokemon/poke0462.jpeg,2996,140,238,217,electric,steel,0,4
766,Passimian,https://pokegocomplete.com/img/pokemon/poke0766.jpeg,2991,200,222,175,fighting,,0,7
845,Mega Glalie,https://pokegocomplete.com/img/pokemon/59ed19181c589.jpeg,2984,160,252,168,ice,,0,6
467,Magmortar,https://pokegocomplete.com/img/pokemon/poke0467.jpeg,2980,150,247,186,fire,,0,4
350,Milotic,https://pokegocomplete.com/img/pokemon/poke0350.jpeg,2967,190,192,242,water,,0,3
282,Gardevoir,https://pokegocomplete.com/img/pokemon/poke0282.jpeg,2964,136,237,220,psychic,fairy,0,3
475,Gallade,https://pokegocomplete.com/img/pokemon/poke0475.jpeg,2964,136,237,220,psychic,fighting,0,4
555,Darmanitan,https://pokegocomplete.com/img/pokemon/poke0555.jpeg,2958,210,263,114,fire,,0,5
843,Mega Camerupt,https://pokegocomplete.com/img/pokemon/59ed18665d05c.jpeg,2954,140,253,186,fire,ground,0,6
482,Azelf,https://pokegocomplete.com/img/pokemon/poke0482.jpeg,2945,150,270,151,psychic,,1,4
103,Exeggutor,https://pokegocomplete.com/img/pokemon/poke0103.jpeg,2942,190,233,161,grass,psychic,0,1
797,Celesteela,https://pokegocomplete.com/img/pokemon/poke0797.jpeg,2939,194,207,200,steel,flying,1,7
214,Heracross,https://pokegocomplete.com/img/pokemon/poke0214.jpeg,2938,160,234,189,bug,fighting,0,2
144,Articuno,https://pokegocomplete.com/img/pokemon/poke0144.jpeg,2933,180,192,249,ice,flying,1,1
738,Vikavolt,https://pokegocomplete.com/img/pokemon/poke0738.jpeg,2930,154,254,165,bug,electric,0,7
750,Mudsdale,https://pokegocomplete.com/img/pokemon/poke0750.jpeg,2928,200,214,180,ground,,0,7
628,Braviary,https://pokegocomplete.com/img/pokemon/poke0628.jpeg,2923,200,232,152,normal,flying,0,5
785,Tapu Koko,https://pokegocomplete.com/img/pokemon/poke0785.jpeg,2921,140,250,186,electric,fairy,1,7
844,Mega Altaria,https://pokegocomplete.com/img/pokemon/59ed18b23e296.jpeg,2920,150,222,221,dragon,fairy,0,6
76,Golem,https://pokegocomplete.com/img/pokemon/poke0076.jpeg,2916,160,211,229,rock,ground,0,1
609,Chandelure,https://pokegocomplete.com/img/pokemon/poke0609.jpeg,2913,120,271,182,ghost,fire,0,5
553,Krookodile,https://pokegocomplete.com/img/pokemon/poke0553.jpeg,2911,190,229,163,ground,dark,0,5
655,Delphox,https://pokegocomplete.com/img/pokemon/poke0655.jpeg,2908,150,230,204,fire,psychic,0,6
799,Guzzlord,https://pokegocomplete.com/img/pokemon/poke0799.jpeg,2906,446,188,99,dark,dragon,1,7
136,Flareon,https://pokegocomplete.com/img/pokemon/poke0136.jpeg,2904,130,246,204,fire,,0,1
466,Electivire,https://pokegocomplete.com/img/pokemon/poke0466.jpeg,2904,150,249,173,electric,,0,4
652,Chesnaught,https://pokegocomplete.com/img/pokemon/poke0652.jpeg,2900,176,201,227,grass,fighting,0,6
68,Machamp,https://pokegocomplete.com/img/pokemon/poke0068.jpeg,2889,180,234,162,fighting,,0,1
65,Alakazam,https://pokegocomplete.com/img/pokemon/poke0065.jpeg,2887,110,271,194,psychic,,0,1
469,Yanmega,https://pokegocomplete.com/img/pokemon/poke0469.jpeg,2873,172,231,172,bug,flying,0,4
471,Glaceon,https://pokegocomplete.com/img/pokemon/poke0471.jpeg,2866,130,238,212,ice,,0,4
614,Beartic,https://pokegocomplete.com/img/pokemon/poke0614.jpeg,2865,190,233,152,ice,,0,5
500,Emboar,https://pokegocomplete.com/img/pokemon/poke0500.jpeg,2852,220,235,127,fire,fighting,0,5
470,Leafeon,https://pokegocomplete.com/img/pokemon/poke0470.jpeg,2849,130,216,254,grass,,0,4
579,Reuniclus,https://pokegocomplete.com/img/pokemon/poke0579.jpeg,2841,220,214,153,psychic,,0,5
59,Arcanine,https://pokegocomplete.com/img/pokemon/poke0059.jpeg,2839,180,227,166,fire,,0,1
615,Cryogonal,https://pokegocomplete.com/img/pokemon/poke0615.jpeg,2829,160,190,264,ice,,0,5
389,Torterra,https://pokegocomplete.com/img/pokemon/poke0389.jpeg,2825,190,202,197,grass,ground,0,4
481,Mesprit,https://pokegocomplete.com/img/pokemon/poke0481.jpeg,2825,160,212,212,psychic,,1,4
245,Suicune,https://pokegocomplete.com/img/pokemon/poke0245.jpeg,2823,200,180,235,water,,1,2
727,Incineroar,https://pokegocomplete.com/img/pokemon/poke0727.jpeg,2822,190,214,175,fire,dark,0,7
260,Swampert,https://pokegocomplete.com/img/pokemon/poke0260.jpeg,2815,200,208,175,water,ground,0,3
461,Weavile,https://pokegocomplete.com/img/pokemon/poke0461.jpeg,2815,140,243,182,dark,ice,0,4
212,Scizor,https://pokegocomplete.com/img/pokemon/poke0212.jpeg,2801,140,236,191,bug,steel,0,2
407,Roserade,https://pokegocomplete.com/img/pokemon/poke0407.jpeg,2783,120,243,206,grass,poison,0,4
740,Crabominable,https://pokegocomplete.com/img/pokemon/poke0740.jpeg,2783,194,231,142,fighting,ice,0,7
699,Aurorus,https://pokegocomplete.com/img/pokemon/poke0699.jpeg,2780,246,186,173,rock,ice,0,6
773,Silvally,https://pokegocomplete.com/img/pokemon/poke0773.jpeg,2779,190,198,198,normal,,0,7
488,Cresselia,https://pokegocomplete.com/img/pokemon/poke0488.jpeg,2777,240,152,263,psychic,,1,4
673,Gogoat,https://pokegocomplete.com/img/pokemon/poke0673.jpeg,2775,246,196,155,grass,,0,6
127,Pinsir,https://pokegocomplete.com/img/pokemon/poke0127.jpeg,2770,130,238,197,bug,,0,1
297,Hariyama,https://pokegocomplete.com/img/pokemon/poke0297.jpeg,2765,288,209,114,fighting,,0,3
217,Ursaring,https://pokegocomplete.com/img/pokemon/poke0217.jpeg,2760,180,236,144,normal,,0,2
675,Pangoro,https://pokegocomplete.com/img/pokemon/poke0675.jpeg,2759,190,226,149,fighting,dark,0,6
386,Deoxys,https://pokegocomplete.com/img/pokemon/poke0386.jpeg,2749,100,345,115,psychic,,1,3
395,Empoleon,https://pokegocomplete.com/img/pokemon/poke0395.jpeg,2741,168,210,193,water,steel,0,4
135,Jolteon,https://pokegocomplete.com/img/pokemon/poke0135.jpeg,2730,130,232,201,electric,,0,1
160,Feraligatr,https://pokegocomplete.com/img/pokemon/poke0160.jpeg,2721,170,205,197,water,,0,2
781,Dhelmise,https://pokegocomplete.com/img/pokemon/poke0781.jpeg,2720,140,233,184,ghost,grass,0,7
503,Samurott,https://pokegocomplete.com/img/pokemon/poke0503.jpeg,2715,190,212,164,water,,0,5
780,Drampa,https://pokegocomplete.com/img/pokemon/poke0780.jpeg,2710,156,231,167,normal,dragon,0,7
89,Muk,https://pokegocomplete.com/img/pokemon/poke0089.jpeg,2709,210,190,184,poison,,0,1
763,Tsareena,https://pokegocomplete.com/img/pokemon/poke0763.jpeg,2704,144,222,195,grass,,0,7
181,Ampharos,https://pokegocomplete.com/img/pokemon/poke0181.jpeg,2695,180,211,172,electric,,0,2
99,Kingler,https://pokegocomplete.com/img/pokemon/poke0099.jpeg,2694,110,240,214,water,,0,1
6,Charizard,https://pokegocomplete.com/img/pokemon/poke0006.jpeg,2686,156,223,176,fire,flying,0,1
157,Typhlosion,https://pokegocomplete.com/img/pokemon/poke0157.jpeg,2686,156,223,176,fire,,0,2
139,Omastar,https://pokegocomplete.com/img/pokemon/poke0139.jpeg,2685,140,207,227,rock,water,0,1
348,Armaldo,https://pokegocomplete.com/img/pokemon/poke0348.jpeg,2675,150,222,183,rock,bug,0,3
398,Staraptor,https://pokegocomplete.com/img/pokemon/poke0398.jpeg,2675,170,234,145,normal,flying,0,4
623,Golurk,https://pokegocomplete.com/img/pokemon/poke0623.jpeg,2673,178,222,154,ground,ghost,0,5
405,Luxray,https://pokegocomplete.com/img/pokemon/poke0405.jpeg,2668,160,232,156,electric,,0,4
625,Bisharp,https://pokegocomplete.com/img/pokemon/poke0625.jpeg,2666,130,232,191,dark,steel,0,5
518,Musharna,https://pokegocomplete.com/img/pokemon/poke0518.jpeg,2650,232,183,171,psychic,,0,5
724,Decidueye,https://pokegocomplete.com/img/pokemon/poke0724.jpeg,2643,156,210,192,grass,ghost,0,7
508,Stoutland,https://pokegocomplete.com/img/pokemon/poke0508.jpeg,2635,170,206,182,normal,,0,5
626,Bouffalant,https://pokegocomplete.com/img/pokemon/poke0626.jpeg,2635,190,195,182,normal,,0,5
788,Tapu Fini,https://pokegocomplete.com/img/pokemon/poke0788.jpeg,2635,140,189,261,water,fairy,1,7
521,Unfezant,https://pokegocomplete.com/img/pokemon/poke0521.jpeg,2634,160,226,160,normal,flying,0,5
257,Blaziken,https://pokegocomplete.com/img/pokemon/poke0257.jpeg,2631,160,240,141,fire,fighting,0,3
589,Escavalier,https://pokegocomplete.com/img/pokemon/poke0589.jpeg,2630,140,223,187,bug,steel,0,5
94,Gengar,https://pokegocomplete.com/img/pokemon/poke0094.jpeg,2619,120,261,156,ghost,poison,0,1
584,Vanilluxe,https://pokegocomplete.com/img/pokemon/poke0584.jpeg,2610,142,218,190,ice,,0,5
142,Aerodactyl,https://pokegocomplete.com/img/pokemon/poke0142.jpeg,2608,160,221,164,rock,flying,0,1
365,Walrein,https://pokegocomplete.com/img/pokemon/poke0365.jpeg,2606,220,182,176,ice,water,0,3
668,Pyroar,https://pokegocomplete.com/img/pokemon/poke0668.jpeg,2604,172,221,152,fire,normal,0,6
131,Lapras,https://pokegocomplete.com/img/pokemon/poke0131.jpeg,2603,260,165,180,water,ice,0,1
472,Gliscor,https://pokegocomplete.com/img/pokemon/poke0472.jpeg,2602,150,185,248,ground,flying,0,4
795,Pheromosa,https://pokegocomplete.com/img/pokemon/poke0795.jpeg,2590,142,316,85,bug,fighting,1,7
606,Beheeyem,https://pokegocomplete.com/img/pokemon/poke0606.jpeg,2589,150,221,172,psychic,,0,5
254,Sceptile,https://pokegocomplete.com/img/pokemon/poke0254.jpeg,2584,140,223,180,grass,,0,3
715,Noivern,https://pokegocomplete.com/img/pokemon/poke0715.jpeg,2576,170,205,175,flying,dragon,0,6
565,Carracosta,https://pokegocomplete.com/img/pokemon/poke0565.jpeg,2573,148,192,228,water,rock,0,5
3,Venusaur,https://pokegocomplete.com/img/pokemon/poke59ed0ab3b783c.jpeg,2568,160,198,198,grass,poison,0,1
430,Honchkrow,https://pokegocomplete.com/img/pokemon/poke0430.jpeg,2566,200,243,103,dark,flying,0,4
539,Sawk,https://pokegocomplete.com/img/pokemon/poke0539.jpeg,2558,150,231,153,fighting,,0,5
369,Relicanth,https://pokegocomplete.com/img/pokemon/poke0369.jpeg,2557,200,162,234,water,rock,0,3
632,Durant,https://pokegocomplete.com/img/pokemon/poke0632.jpeg,2553,116,217,222,bug,steel,0,5
233,Porygon2,https://pokegocomplete.com/img/pokemon/poke0233.jpeg,2546,170,198,183,normal,,0,2
604,Eelektross,https://pokegocomplete.com/img/pokemon/poke0604.jpeg,2546,170,217,152,electric,,0,5
229,Houndoom,https://pokegocomplete.com/img/pokemon/poke0229.jpeg,2529,150,224,159,dark,fire,0,2
693,Clawitzer,https://pokegocomplete.com/img/pokemon/poke0693.jpeg,2525,142,221,172,water,,0,6
689,Barbaracle,https://pokegocomplete.com/img/pokemon/poke0689.jpeg,2523,144,194,220,rock,water,0,6
141,Kabutops,https://pokegocomplete.com/img/pokemon/poke0141.jpeg,2517,120,220,203,rock,water,0,1
621,Druddigon,https://pokegocomplete.com/img/pokemon/poke0621.jpeg,2517,154,213,170,dragon,,0,5
124,Jynx,https://pokegocomplete.com/img/pokemon/poke0124.jpeg,2512,130,223,182,ice,psychic,0,1
772,Type: Null,https://pokegocomplete.com/img/pokemon/poke0772.jpeg,2510,190,184,184,normal,,0,7
128,Tauros,https://pokegocomplete.com/img/pokemon/poke0128.jpeg,2488,150,198,197,normal,,0,1
733,Toucannon,https://pokegocomplete.com/img/pokemon/poke0733.jpeg,2484,160,222,146,normal,flying,0,7
80,Slowbro,https://pokegocomplete.com/img/pokemon/poke0080.jpeg,2482,190,177,194,water,psychic,0,1
199,Slowking,https://pokegocomplete.com/img/pokemon/poke0199.jpeg,2482,190,177,194,water,psychic,0,2
91,Cloyster,https://pokegocomplete.com/img/pokemon/poke0091.jpeg,2475,100,186,323,water,ice,0,1
538,Throh,https://pokegocomplete.com/img/pokemon/poke0538.jpeg,2467,240,172,160,fighting,,0,5
695,Heliolisk,https://pokegocomplete.com/img/pokemon/poke0695.jpeg,2467,124,219,190,electric,normal,0,6
169,Crobat,https://pokegocomplete.com/img/pokemon/poke0169.jpeg,2466,170,194,178,poison,flying,0,2
429,Mismagius,https://pokegocomplete.com/img/pokemon/poke0429.jpeg,2465,120,211,211,ghost,,0,4
123,Scyther,https://pokegocomplete.com/img/pokemon/poke0123.jpeg,2464,140,218,170,bug,flying,0,1
392,Infernape,https://pokegocomplete.com/img/pokemon/poke0392.jpeg,2464,152,222,151,fire,fighting,0,4
115,Kangaskhan,https://pokegocomplete.com/img/pokemon/poke0115.jpeg,2463,210,181,165,normal,,0,1
448,Lucario,https://pokegocomplete.com/img/pokemon/poke0448.jpeg,2461,140,236,144,fighting,steel,0,4
330,Flygon,https://pokegocomplete.com/img/pokemon/poke0330.jpeg,2458,160,205,168,ground,dragon,0,3
745,Lycanroc,https://pokegocomplete.com/img/pokemon/poke0745.jpeg,2457,150,231,140,rock,,0,7
620,Mienshao,https://pokegocomplete.com/img/pokemon/poke0620.jpeg,2446,130,258,127,fighting,,0,5
537,Seismitoad,https://pokegocomplete.com/img/pokemon/poke0537.jpeg,2442,210,188,150,water,ground,0,5
62,Poliwrath,https://pokegocomplete.com/img/pokemon/poke0062.jpeg,2441,180,182,187,water,fighting,0,1
210,Granbull,https://pokegocomplete.com/img/pokemon/poke0210.jpeg,2440,180,212,137,fairy,,0,2
558,Crustle,https://pokegocomplete.com/img/pokemon/poke0558.jpeg,2440,140,188,224,bug,rock,0,5
208,Steelix,https://pokegocomplete.com/img/pokemon/poke0208.jpeg,2439,150,148,333,steel,ground,0,2
658,Greninja,https://pokegocomplete.com/img/pokemon/poke0658.jpeg,2436,144,223,154,water,dark,0,6
601,Klinklang,https://pokegocomplete.com/img/pokemon/poke0601.jpeg,2430,120,199,230,steel,,0,5
230,Kingdra,https://pokegocomplete.com/img/pokemon/poke0230.jpeg,2424,150,194,194,water,dragon,0,2
775,Komala,https://pokegocomplete.com/img/pokemon/poke0775.jpeg,2419,130,216,179,normal,,0,7
286,Breloom,https://pokegocomplete.com/img/pokemon/poke0286.jpeg,2407,120,241,153,grass,fighting,0,3
106,Hitmonlee,https://pokegocomplete.com/img/pokemon/poke0106.jpeg,2406,100,224,211,fighting,,0,1
709,Trevenant,https://pokegocomplete.com/img/pokemon/poke0709.jpeg,2406,170,201,157,ghost,grass,0,6
853,Mega Audino,https://pokegocomplete.com/img/pokemon/59ed1b74099f0.jpeg,2397,206,147,239,normal,fairy,0,6
680,Doublade,https://pokegocomplete.com/img/pokemon/poke0680.jpeg,2393,118,188,253,steel,ghost,0,6
426,Drifblim,https://pokegocomplete.com/img/pokemon/poke0426.jpeg,2387,300,180,107,ghost,flying,0,4
34,Nidoking,https://pokegocomplete.com/img/pokemon/poke0034.jpeg,2386,162,204,157,poison,ground,0,1
719,Diancie,https://pokegocomplete.com/img/pokemon/poke0719.jpeg,2378,100,190,285,rock,fairy,1,6
765,Oranguru,https://pokegocomplete.com/img/pokemon/poke0765.jpeg,2378,180,168,207,normal,psychic,0,7
73,Tentacruel,https://pokegocomplete.com/img/pokemon/poke0073.jpeg,2374,160,166,237,water,poison,0,1
186,Politoed,https://pokegocomplete.com/img/pokemon/poke0186.jpeg,2371,180,174,192,water,,0,2
770,Palossand,https://pokegocomplete.com/img/pokemon/poke0770.jpeg,2370,170,178,194,ghost,ground,0,7
542,Leavanny,https://pokegocomplete.com/img/pokemon/poke0542.jpeg,2368,150,205,165,bug,grass,0,5
45,Vileplume,https://pokegocomplete.com/img/pokemon/poke0045.jpeg,2367,150,202,170,grass,poison,0,1
463,Lickilicky,https://pokegocomplete.com/img/pokemon/poke0463.jpeg,2359,220,161,181,normal,,0,4
36,Clefable,https://pokegocomplete.com/img/pokemon/poke0036.jpeg,2353,190,178,171,fairy,,0,1
617,Accelgor,https://pokegocomplete.com/img/pokemon/poke0617.jpeg,2346,160,220,131,bug,,0,5
31,Nidoqueen,https://pokegocomplete.com/img/pokemon/poke0031.jpeg,2338,180,180,174,poison,ground,0,1
28,Sandslash,https://pokegocomplete.com/img/pokemon/poke0028.jpeg,2328,150,182,202,ground,,0,1
561,Sigilyph,https://pokegocomplete.com/img/pokemon/poke0561.jpeg,2326,144,204,167,psychic,flying,0,5
241,Miltank,https://pokegocomplete.com/img/pokemon/poke0241.jpeg,2325,190,158,211,normal,,0,2
549,Lilligant,https://pokegocomplete.com/img/pokemon/poke0549.jpeg,2321,140,214,155,grass,,0,5
452,Drapion,https://pokegocomplete.com/img/pokemon/poke0452.jpeg,2319,140,180,219,poison,dark,0,4
342,Crawdaunt,https://pokegocomplete.com/img/pokemon/poke0342.jpeg,2317,126,224,156,water,dark,0,3
480,Uxie,https://pokegocomplete.com/img/pokemon/poke0480.jpeg,2316,150,156,270,psychic,,1,4
419,Floatzel,https://pokegocomplete.com/img/pokemon/poke0419.jpeg,2312,170,221,118,water,,0,4
226,Mantine,https://pokegocomplete.com/img/pokemon/poke0226.jpeg,2310,170,149,260,water,flying,0,2
326,Grumpig,https://pokegocomplete.com/img/pokemon/poke0326.jpeg,2310,160,171,211,psychic,,0,3
454,Toxicroak,https://pokegocomplete.com/img/pokemon/poke0454.jpeg,2310,166,211,133,poison,fighting,0,4
593,Jellicent,https://pokegocomplete.com/img/pokemon/poke0593.jpeg,2309,200,159,195,water,ghost,0,5
121,Starmie,https://pokegocomplete.com/img/pokemon/poke0121.jpeg,2303,120,210,184,water,psychic,0,1
9,Blastoise,https://pokegocomplete.com/img/pokemon/poke0009.jpeg,2291,158,171,210,water,,0,1
571,Zoroark,https://pokegocomplete.com/img/pokemon/poke0571.jpeg,2291,120,250,127,dark,,0,5
221,Piloswine,https://pokegocomplete.com/img/pokemon/poke0221.jpeg,2284,200,181,147,ice,ground,0,2
368,Gorebyss,https://pokegocomplete.com/img/pokemon/poke0368.jpeg,2281,110,211,194,water,,0,3
359,Absol,https://pokegocomplete.com/img/pokemon/poke0359.jpeg,2280,130,246,120,dark,,0,3
831,Mega Absol,https://pokegocomplete.com/img/pokemon/59ed14f593fe9.jpeg,2280,130,246,120,dark,,0,6
683,Aromatisse,https://pokegocomplete.com/img/pokemon/poke0683.jpeg,2275,202,173,158,fairy,,0,6
55,Golduck,https://pokegocomplete.com/img/pokemon/poke0055.jpeg,2270,160,191,163,water,,0,1
71,Victreebel,https://pokegocomplete.com/img/pokemon/poke0071.jpeg,2268,160,207,138,grass,poison,0,1
701,Hawlucha,https://pokegocomplete.com/img/pokemon/poke0701.jpeg,2268,156,195,160,fighting,flying,0,6
295,Exploud,https://pokegocomplete.com/img/pokemon/poke0295.jpeg,2267,208,179,142,normal,,0,3
594,Alomomola,https://pokegocomplete.com/img/pokemon/poke0594.jpeg,2266,330,138,148,water,,0,5
423,Gastrodon,https://pokegocomplete.com/img/pokemon/poke0423.jpeg,2265,222,169,149,water,ground,0,4
205,Forretress,https://pokegocomplete.com/img/pokemon/poke0205.jpeg,2263,150,161,242,bug,steel,0,2
711,Gourgeist,https://pokegocomplete.com/img/pokemon/poke0711.jpeg,2263,130,175,236,ghost,grass,0,6
435,Skuntank,https://pokegocomplete.com/img/pokemon/poke0435.jpeg,2262,206,184,135,poison,dark,0,4
379,Registeel,https://pokegocomplete.com/img/pokemon/poke0379.jpeg,2261,160,143,285,steel,,1,3
321,Wailord,https://pokegocomplete.com/img/pokemon/poke0321.jpeg,2258,340,175,87,water,,0,3
126,Magmar,https://pokegocomplete.com/img/pokemon/poke0126.jpeg,2254,130,206,169,fire,,0,1
78,Rapidash,https://pokegocomplete.com/img/pokemon/poke0078.jpeg,2252,130,207,167,fire,,0,1
164,Noctowl,https://pokegocomplete.com/img/pokemon/poke0164.jpeg,2245,200,161,179,normal,flying,0,2
337,Lunatone,https://pokegocomplete.com/img/pokemon/poke0337.jpeg,2245,180,178,163,rock,psychic,0,3
338,Solrock,https://pokegocomplete.com/img/pokemon/poke0338.jpeg,2245,180,178,163,rock,psychic,0,3
460,Abomasnow,https://pokegocomplete.com/img/pokemon/poke0460.jpeg,2245,180,178,163,grass,ice,0,4
758,Salazzle,https://pokegocomplete.com/img/pokemon/poke0758.jpeg,2245,136,228,130,poison,fire,0,7
834,Mega Abomasnow,https://pokegocomplete.com/img/pokemon/59ed161d44e9f.jpeg,2245,180,178,163,grass,ice,0,6
545,Scolipede,https://pokegocomplete.com/img/pokemon/poke0545.jpeg,2242,120,203,186,bug,poison,0,5
687,Malamar,https://pokegocomplete.com/img/pokemon/poke0687.jpeg,2242,172,177,172,dark,psychic,0,6
82,Magneton,https://pokegocomplete.com/img/pokemon/poke0082.jpeg,2237,100,223,182,electric,steel,0,1
576,Gothitelle,https://pokegocomplete.com/img/pokemon/poke0576.jpeg,2237,140,176,212,psychic,,0,5
586,Sawsbuck,https://pokegocomplete.com/img/pokemon/poke0586.jpeg,2233,160,198,146,normal,grass,0,5
631,Heatmor,https://pokegocomplete.com/img/pokemon/poke0631.jpeg,2232,170,204,129,fire,,0,5
272,Ludicolo,https://pokegocomplete.com/img/pokemon/poke0272.jpeg,2229,160,173,191,water,grass,0,3
523,Zebstrika,https://pokegocomplete.com/img/pokemon/poke0523.jpeg,2228,150,211,136,electric,,0,5
154,Meganium,https://pokegocomplete.com/img/pokemon/poke0154.jpeg,2227,160,168,202,grass,,0,2
691,Dragalge,https://pokegocomplete.com/img/pokemon/poke0691.jpeg,2227,130,177,223,poison,dragon,0,6
828,Mega Medicham,https://pokegocomplete.com/img/pokemon/59ed142b6f539.jpeg,2223,120,205,179,fighting,psychic,0,6
424,Ambipom,https://pokegocomplete.com/img/pokemon/poke0424.jpeg,2218,150,205,143,normal,,0,4
335,Zangoose,https://pokegocomplete.com/img/pokemon/poke0335.jpeg,2214,146,222,124,normal,,0,3
114,Tangela,https://pokegocomplete.com/img/pokemon/poke0114.jpeg,2208,130,183,205,grass,,0,1
85,Dodrio,https://pokegocomplete.com/img/pokemon/poke0085.jpeg,2205,120,223,148,normal,flying,0,1
125,Electabuzz,https://pokegocomplete.com/img/pokemon/poke0125.jpeg,2196,130,198,173,electric,,0,1
275,Shiftry,https://pokegocomplete.com/img/pokemon/poke0275.jpeg,2186,180,200,121,grass,dark,0,3
110,Weezing,https://pokegocomplete.com/img/pokemon/poke0110.jpeg,2183,130,174,221,poison,,0,1
754,Lurantis,https://pokegocomplete.com/img/pokemon/poke0754.jpeg,2183,140,192,169,grass,,0,7
569,Garbodor,https://pokegocomplete.com/img/pokemon/poke0569.jpeg,2166,160,181,164,poison,,0,5
779,Bruxish,https://pokegocomplete.com/img/pokemon/poke0779.jpeg,2164,136,208,145,water,psychic,0,7
598,Ferrothorn,https://pokegocomplete.com/img/pokemon/poke0598.jpeg,2159,148,158,230,grass,steel,0,5
38,Ninetales,https://pokegocomplete.com/img/pokemon/poke0038.jpeg,2157,146,169,204,fire,,0,1
512,Simisage,https://pokegocomplete.com/img/pokemon/poke0512.jpeg,2156,150,206,133,grass,,0,5
514,Simisear,https://pokegocomplete.com/img/pokemon/poke0514.jpeg,2156,150,206,133,fire,,0,5
516,Simipour,https://pokegocomplete.com/img/pokemon/poke0516.jpeg,2156,150,206,133,water,,0,5
741,Oricorio,https://pokegocomplete.com/img/pokemon/poke0741.jpeg,2141,150,196,145,fire,flying,0,7
367,Huntail,https://pokegocomplete.com/img/pokemon/poke0367.jpeg,2140,110,197,194,water,,0,3
284,Masquerain,https://pokegocomplete.com/img/pokemon/poke0284.jpeg,2135,140,192,161,bug,flying,0,3
826,Mega Mawile,https://pokegocomplete.com/img/pokemon/59ed135d49229.jpeg,2132,100,188,231,steel,fairy,0,6
310,Manectric,https://pokegocomplete.com/img/pokemon/poke0310.jpeg,2131,140,215,127,electric,,0,3
533,Gurdurr,https://pokegocomplete.com/img/pokemon/poke0533.jpeg,2127,170,180,150,fighting,,0,5
224,Octillery,https://pokegocomplete.com/img/pokemon/poke0224.jpeg,2124,150,197,141,water,,0,2
182,Bellossom,https://pokegocomplete.com/img/pokemon/poke0182.jpeg,2108,150,169,189,grass,,0,2
57,Primeape,https://pokegocomplete.com/img/pokemon/poke0057.jpeg,2105,130,207,144,fighting,,0,1
618,Stunfisk,https://pokegocomplete.com/img/pokemon/poke0618.jpeg,2100,218,144,177,ground,electric,0,5
107,Hitmonchan,https://pokegocomplete.com/img/pokemon/poke0107.jpeg,2098,100,193,212,fighting,,0,1
358,Chimecho,https://pokegocomplete.com/img/pokemon/poke0358.jpeg,2095,150,175,174,psychic,,0,3
332,Cacturne,https://pokegocomplete.com/img/pokemon/poke0332.jpeg,2092,140,221,115,grass,dark,0,3
611,Fraxure,https://pokegocomplete.com/img/pokemon/poke0611.jpeg,2091,132,212,133,dragon,,0,5
563,Cofagrigus,https://pokegocomplete.com/img/pokemon/poke0563.jpeg,2090,116,163,255,ghost,,0,5
497,Serperior,https://pokegocomplete.com/img/pokemon/poke0497.jpeg,2089,150,161,204,grass,,0,5
591,Amoonguss,https://pokegocomplete.com/img/pokemon/poke0591.jpeg,2087,228,155,144,grass,poison,0,5
556,Maractus,https://pokegocomplete.com/img/pokemon/poke0556.jpeg,2086,150,201,130,grass,,0,5
346,Cradily,https://pokegocomplete.com/img/pokemon/poke0346.jpeg,2081,172,152,198,rock,grass,0,3
171,Lanturn,https://pokegocomplete.com/img/pokemon/poke0171.jpeg,2077,250,146,146,water,electric,0,2
776,Turtonator,https://pokegocomplete.com/img/pokemon/poke0776.jpeg,2077,120,165,238,fire,dragon,0,7
354,Banette,https://pokegocomplete.com/img/pokemon/poke0354.jpeg,2073,128,218,127,ghost,,0,3
630,Mandibuzz,https://pokegocomplete.com/img/pokemon/poke0630.jpeg,2068,220,129,210,dark,flying,0,5
685,Slurpuff,https://pokegocomplete.com/img/pokemon/poke0685.jpeg,2068,164,168,168,fairy,,0,6
185,Sudowoodo,https://pokegocomplete.com/img/pokemon/poke0185.jpeg,2065,140,167,198,rock,,0,2
560,Scrafty,https://pokegocomplete.com/img/pokemon/poke0560.jpeg,2060,130,163,222,dark,fighting,0,5
573,Cinccino,https://pokegocomplete.com/img/pokemon/poke0573.jpeg,2057,150,198,130,normal,,0,5
197,Umbreon,https://pokegocomplete.com/img/pokemon/poke0197.jpeg,2052,190,126,250,dark,,0,2
97,Hypno,https://pokegocomplete.com/img/pokemon/poke0097.jpeg,2048,170,144,215,psychic,,0,1
192,Sunflora,https://pokegocomplete.com/img/pokemon/poke0192.jpeg,2048,150,185,148,grass,,0,2
477,Dusknoir,https://pokegocomplete.com/img/pokemon/poke0477.jpeg,2046,90,180,254,ghost,,0,4
227,Skarmory,https://pokegocomplete.com/img/pokemon/poke0227.jpeg,2045,130,149,260,steel,flying,0,2
735,Gumshoos,https://pokegocomplete.com/img/pokemon/poke0735.jpeg,2041,176,194,113,normal,,0,7
119,Seaking,https://pokegocomplete.com/img/pokemon/poke0119.jpeg,2040,160,175,154,water,,0,1
663,Talonflame,https://pokegocomplete.com/img/pokemon/poke0663.jpeg,2039,156,176,156,fire,flying,0,6
324,Torkoal,https://pokegocomplete.com/img/pokemon/poke0324.jpeg,2036,140,151,234,fire,,0,3
437,Bronzong,https://pokegocomplete.com/img/pokemon/poke0437.jpeg,2026,134,161,213,steel,psychic,0,4
26,Raichu,https://pokegocomplete.com/img/pokemon/poke0026.jpeg,2025,120,193,165,electric,,0,1
778,Mimikyu,https://pokegocomplete.com/img/pokemon/poke0778.jpeg,2024,110,177,213,ghost,fairy,0,7
323,Camerupt,https://pokegocomplete.com/img/pokemon/poke0323.jpeg,2016,140,194,139,fire,ground,0,3
525,Boldore,https://pokegocomplete.com/img/pokemon/poke0525.jpeg,2015,140,174,173,rock,,0,5
676,Furfrou,https://pokegocomplete.com/img/pokemon/poke0676.jpeg,2015,150,164,182,normal,,0,6
211,Qwilfish,https://pokegocomplete.com/img/pokemon/poke0211.jpeg,2013,130,184,166,water,poison,0,2
596,Galvantula,https://pokegocomplete.com/img/pokemon/poke0596.jpeg,2008,140,201,128,bug,electric,0,5
305,Lairon,https://pokegocomplete.com/img/pokemon/poke0305.jpeg,2004,120,158,240,steel,rock,0,3
743,Ribombee,https://pokegocomplete.com/img/pokemon/poke0743.jpeg,1997,120,198,152,bug,fairy,0,7
18,Pidgeot,https://pokegocomplete.com/img/pokemon/poke0018.jpeg,1994,166,166,157,normal,flying,0,1
340,Whiscash,https://pokegocomplete.com/img/pokemon/poke0340.jpeg,1991,220,151,142,water,ground,0,3
234,Stantler,https://pokegocomplete.com/img/pokemon/poke0234.jpeg,1988,146,192,132,normal,,0,2
319,Sharpedo,https://pokegocomplete.com/img/pokemon/poke0319.jpeg,1986,140,243,83,water,dark,0,3
122,Mr. Mime,https://pokegocomplete.com/img/pokemon/poke0122.jpeg,1984,80,192,233,psychic,fairy,0,1
705,Sliggoo,https://pokegocomplete.com/img/pokemon/poke0705.jpeg,1980,136,159,205,dragon,,0,6
777,Togedemaru,https://pokegocomplete.com/img/pokemon/poke0777.jpeg,1980,130,190,150,electric,steel,0,7
117,Seadra,https://pokegocomplete.com/img/pokemon/poke0117.jpeg,1979,110,187,182,water,,0,1
455,Carnivine,https://pokegocomplete.com/img/pokemon/poke0455.jpeg,1979,148,187,136,grass,,0,4
178,Xatu,https://pokegocomplete.com/img/pokemon/poke0178.jpeg,1975,130,192,146,psychic,flying,0,2
446,Munchlax,https://pokegocomplete.com/img/pokemon/poke0446.jpeg,1975,270,137,137,normal,,0,4
279,Pelipper,https://pokegocomplete.com/img/pokemon/poke0279.jpeg,1969,120,175,189,water,flying,0,3
827,Mega Aggron,https://pokegocomplete.com/img/pokemon/59ed13a0b9488.jpeg,1968,140,109,402,steel,,0,6
678,Meowstic,https://pokegocomplete.com/img/pokemon/poke0678.jpeg,1963,148,166,170,psychic,,0,6
372,Shelgon,https://pokegocomplete.com/img/pokemon/poke0372.jpeg,1958,130,172,179,dragon,,0,3
101,Electrode,https://pokegocomplete.com/img/pokemon/poke0101.jpeg,1945,120,176,182,electric,,0,1
362,Glalie,https://pokegocomplete.com/img/pokemon/poke0362.jpeg,1945,160,162,162,ice,,0,3
489,Phione,https://pokegocomplete.com/img/pokemon/poke0489.jpeg,1945,160,162,162,water,,1,4
49,Venomoth,https://pokegocomplete.com/img/pokemon/poke0049.jpeg,1937,140,179,150,bug,poison,0,1
550,Basculin,https://pokegocomplete.com/img/pokemon/poke0550.jpeg,1936,140,189,134,water,,0,5
195,Quagsire,https://pokegocomplete.com/img/pokemon/poke0195.jpeg,1929,190,152,152,water,ground,0,2
336,Seviper,https://pokegocomplete.com/img/pokemon/poke0336.jpeg,1928,146,196,118,poison,,0,3
352,Kecleon,https://pokegocomplete.com/img/pokemon/poke0352.jpeg,1924,120,161,212,normal,,0,3
581,Swanna,https://pokegocomplete.com/img/pokemon/poke0581.jpeg,1916,150,182,132,water,flying,0,5
67,Machoke,https://pokegocomplete.com/img/pokemon/poke0067.jpeg,1910,160,177,130,fighting,,0,1
24,Arbok,https://pokegocomplete.com/img/pokemon/poke0024.jpeg,1908,120,185,158,poison,,0,1
40,Wigglytuff,https://pokegocomplete.com/img/pokemon/poke0040.jpeg,1906,280,156,93,normal,fairy,0,1
237,Hitmontop,https://pokegocomplete.com/img/pokemon/poke0237.jpeg,1905,100,173,214,fighting,,0,2
288,Vigoroth,https://pokegocomplete.com/img/pokemon/poke0288.jpeg,1896,160,159,159,normal,,0,3
87,Dewgong,https://pokegocomplete.com/img/pokemon/poke0087.jpeg,1894,180,139,184,water,ice,0,1
764,Comfey,https://pokegocomplete.com/img/pokemon/poke0764.jpeg,1887,102,165,226,fairy,,0,7
421,Cherrim,https://pokegocomplete.com/img/pokemon/poke0421.jpeg,1886,140,170,157,grass,,0,4
428,Lopunny,https://pokegocomplete.com/img/pokemon/poke0428.jpeg,1885,130,156,200,normal,,0,4
317,Swalot,https://pokegocomplete.com/img/pokemon/poke0317.jpeg,1872,200,140,159,poison,,0,3
215,Sneasel,https://pokegocomplete.com/img/pokemon/poke0215.jpeg,1868,110,189,157,dark,ice,0,2
334,Altaria,https://pokegocomplete.com/img/pokemon/poke0334.jpeg,1868,150,141,208,dragon,flying,0,3
203,Girafarig,https://pokegocomplete.com/img/pokemon/poke0203.jpeg,1863,140,182,133,normal,psychic,0,2
476,Probopass,https://pokegocomplete.com/img/pokemon/poke0476.jpeg,1863,120,135,278,rock,steel,0,4
64,Kadabra,https://pokegocomplete.com/img/pokemon/poke0064.jpeg,1859,80,232,138,psychic,,0,1
478,Froslass,https://pokegocomplete.com/img/pokemon/poke0478.jpeg,1857,140,171,150,ice,ghost,0,4
578,Duosion,https://pokegocomplete.com/img/pokemon/poke0578.jpeg,1852,130,208,107,psychic,,0,5
219,Magcargo,https://pokegocomplete.com/img/pokemon/poke0219.jpeg,1846,120,155,209,fire,rock,0,2
357,Tropius,https://pokegocomplete.com/img/pokemon/poke0357.jpeg,1846,198,136,165,grass,flying,0,3
42,Golbat,https://pokegocomplete.com/img/pokemon/poke0042.jpeg,1830,150,161,153,poison,flying,0,1
416,Vespiquen,https://pokegocomplete.com/img/pokemon/poke0416.jpeg,1825,140,149,190,bug,flying,0,4
547,Whimsicott,https://pokegocomplete.com/img/pokemon/poke0547.jpeg,1823,120,164,182,grass,fairy,0,5
75,Graveler,https://pokegocomplete.com/img/pokemon/poke0075.jpeg,1815,110,164,196,rock,ground,0,1
22,Fearow,https://pokegocomplete.com/img/pokemon/poke0022.jpeg,1814,130,182,135,normal,flying,0,1
499,Pignite,https://pokegocomplete.com/img/pokemon/poke0499.jpeg,1803,180,173,106,fire,fighting,0,5
442,Spiritomb,https://pokegocomplete.com/img/pokemon/poke0442.jpeg,1802,100,169,199,ghost,dark,0,4
432,Purugly,https://pokegocomplete.com/img/pokemon/poke0432.jpeg,1798,142,172,136,normal,,0,4
291,Ninjask,https://pokegocomplete.com/img/pokemon/poke0291.jpeg,1790,122,199,116,bug,flying,0,3
262,Mightyena,https://pokegocomplete.com/img/pokemon/poke0262.jpeg,1783,140,171,137,dark,,0,3
388,Grotle,https://pokegocomplete.com/img/pokemon/poke0388.jpeg,1783,150,157,152,grass,,0,4
344,Claydol,https://pokegocomplete.com/img/pokemon/poke0344.jpeg,1782,120,140,236,ground,psychic,0,3
200,Misdreavus,https://pokegocomplete.com/img/pokemon/poke0200.jpeg,1781,120,167,167,ghost,,0,2
15,Beedrill,https://pokegocomplete.com/img/pokemon/poke0015.jpeg,1777,130,169,150,bug,poison,0,1
479,Rotom,https://pokegocomplete.com/img/pokemon/poke0479.jpeg,1767,100,185,159,electric,ghost,0,4
749,Mudbray,https://pokegocomplete.com/img/pokemon/poke0749.jpeg,1766,140,175,128,ground,,0,7
207,Gligar,https://pokegocomplete.com/img/pokemon/poke0207.jpeg,1758,130,143,204,ground,flying,0,2
277,Swellow,https://pokegocomplete.com/img/pokemon/poke0277.jpeg,1747,120,185,130,normal,flying,0,3
707,Klefki,https://pokegocomplete.com/img/pokemon/poke0707.jpeg,1737,114,160,181,steel,fairy,0,6
444,Gabite,https://pokegocomplete.com/img/pokemon/poke0444.jpeg,1728,136,172,130,dragon,ground,0,4
315,Roselia,https://pokegocomplete.com/img/pokemon/poke0315.jpeg,1718,100,186,148,grass,poison,0,3
752,Araquanid,https://pokegocomplete.com/img/pokemon/poke0752.jpeg,1717,136,126,237,water,bug,0,7
93,Haunter,https://pokegocomplete.com/img/pokemon/poke0093.jpeg,1716,90,223,112,ghost,poison,0,1
666,Vivillon,https://pokegocomplete.com/img/pokemon/poke0666.jpeg,1714,160,176,103,bug,flying,0,6
729,Brionne,https://pokegocomplete.com/img/pokemon/poke0729.jpeg,1711,120,168,151,water,,0,7
841,Mega Sableye,https://pokegocomplete.com/img/pokemon/59ed17cadf273.jpeg,1708,100,151,221,dark,ghost,0,6
12,Butterfree,https://pokegocomplete.com/img/pokemon/poke0012.jpeg,1701,120,167,151,bug,flying,0,1
756,Shiinotic,https://pokegocomplete.com/img/pokemon/poke0756.jpeg,1699,120,154,177,grass,fairy,0,7
702,Dedenne,https://pokegocomplete.com/img/pokemon/poke0702.jpeg,1693,134,164,139,electric,fairy,0,6
105,Marowak,https://pokegocomplete.com/img/pokemon/poke0105.jpeg,1691,120,144,200,ground,,0,1
408,Cranidos,https://pokegocomplete.com/img/pokemon/poke0408.jpeg,1685,134,218,75,rock,,0,4
400,Bibarel,https://pokegocomplete.com/img/pokemon/poke0400.jpeg,1683,158,162,119,normal,water,0,4
311,Plusle,https://pokegocomplete.com/img/pokemon/poke0311.jpeg,1681,120,167,147,electric,,0,3
111,Rhyhorn,https://pokegocomplete.com/img/pokemon/poke0111.jpeg,1679,160,140,157,ground,rock,0,1
634,Zweilous,https://pokegocomplete.com/img/pokemon/poke0634.jpeg,1678,144,159,135,dark,dragon,0,5
457,Lumineon,https://pokegocomplete.com/img/pokemon/poke0457.jpeg,1671,138,142,175,water,,0,4
162,Furret,https://pokegocomplete.com/img/pokemon/poke0162.jpeg,1667,170,148,130,normal,,0,2
600,Klang,https://pokegocomplete.com/img/pokemon/poke0600.jpeg,1667,120,150,179,steel,,0,5
510,Liepard,https://pokegocomplete.com/img/pokemon/poke0510.jpeg,1659,128,187,106,dark,,0,5
47,Parasect,https://pokegocomplete.com/img/pokemon/poke0047.jpeg,1657,120,165,146,bug,grass,0,1
414,Mothim,https://pokegocomplete.com/img/pokemon/poke0414.jpeg,1653,140,185,98,bug,flying,0,4
441,Chatot,https://pokegocomplete.com/img/pokemon/poke0441.jpeg,1653,152,183,92,normal,flying,0,4
168,Ariados,https://pokegocomplete.com/img/pokemon/poke0168.jpeg,1647,140,161,130,bug,poison,0,2
654,Braixen,https://pokegocomplete.com/img/pokemon/poke0654.jpeg,1646,118,171,136,fire,,0,6
566,Archen,https://pokegocomplete.com/img/pokemon/poke0566.jpeg,1623,110,213,89,rock,flying,0,5
505,Watchog,https://pokegocomplete.com/img/pokemon/poke0505.jpeg,1621,120,165,139,normal,,0,5
313,Volbeat,https://pokegocomplete.com/img/pokemon/poke0313.jpeg,1620,130,143,171,bug,,0,3
314,Illumise,https://pokegocomplete.com/img/pokemon/poke0314.jpeg,1620,130,143,171,bug,,0,3
651,Quilladin,https://pokegocomplete.com/img/pokemon/poke0651.jpeg,1618,122,146,174,grass,,0,6
259,Marshtomp,https://pokegocomplete.com/img/pokemon/poke0259.jpeg,1617,140,156,133,water,ground,0,3
413,Wormadam,https://pokegocomplete.com/img/pokemon/poke0413.jpeg,1616,120,141,189,bug,grass,0,4
206,Dunsparce,https://pokegocomplete.com/img/pokemon/poke0206.jpeg,1615,200,131,131,normal,,0,2
51,Dugtrio,https://pokegocomplete.com/img/pokemon/poke0051.jpeg,1612,70,205,147,ground,,0,1
148,Dragonair,https://pokegocomplete.com/img/pokemon/poke0148.jpeg,1609,122,163,138,dragon,,0,1
247,Pupitar,https://pokegocomplete.com/img/pokemon/poke0247.jpeg,1608,140,155,133,rock,ground,0,2
364,Sealeo,https://pokegocomplete.com/img/pokemon/poke0364.jpeg,1607,180,137,132,ice,water,0,3
723,Dartrix,https://pokegocomplete.com/img/pokemon/poke0723.jpeg,1606,156,142,142,grass,flying,0,7
159,Croconaw,https://pokegocomplete.com/img/pokemon/poke0159.jpeg,1598,130,150,151,water,,0,2
531,Audino,https://pokegocomplete.com/img/pokemon/poke0531.jpeg,1598,206,114,163,normal,,0,5
502,Dewott,https://pokegocomplete.com/img/pokemon/poke0502.jpeg,1597,150,159,116,water,,0,5
312,Minun,https://pokegocomplete.com/img/pokemon/poke0312.jpeg,1585,120,147,167,electric,,0,3
267,Beautifly,https://pokegocomplete.com/img/pokemon/poke0267.jpeg,1573,120,189,98,bug,flying,0,3
375,Metang,https://pokegocomplete.com/img/pokemon/poke0375.jpeg,1570,120,138,185,steel,psychic,0,3
137,Porygon,https://pokegocomplete.com/img/pokemon/poke0137.jpeg,1567,130,153,139,normal,,0,1
176,Togetic,https://pokegocomplete.com/img/pokemon/poke0176.jpeg,1553,110,140,191,fairy,flying,0,2
189,Jumpluff,https://pokegocomplete.com/img/pokemon/poke0189.jpeg,1553,150,118,197,grass,flying,0,2
528,Swoobat,https://pokegocomplete.com/img/pokemon/poke0528.jpeg,1553,134,161,119,psychic,flying,0,5
2,Ivysaur,https://pokegocomplete.com/img/pokemon/poke0002.jpeg,1552,120,151,151,grass,poison,0,1
20,Raticate,https://pokegocomplete.com/img/pokemon/poke0020.jpeg,1549,110,161,144,normal,,0,1
394,Prinplup,https://pokegocomplete.com/img/pokemon/poke0394.jpeg,1549,128,150,143,water,,0,4
603,Eelektrik,https://pokegocomplete.com/img/pokemon/poke0603.jpeg,1548,130,156,130,electric,,0,5
737,Charjabug,https://pokegocomplete.com/img/pokemon/poke0737.jpeg,1547,114,145,171,bug,electric,0,7
726,Torracat,https://pokegocomplete.com/img/pokemon/poke0726.jpeg,1544,130,174,103,fire,,0,7
53,Persian,https://pokegocomplete.com/img/pokemon/poke0053.jpeg,1539,130,150,139,normal,,0,1
264,Linoone,https://pokegocomplete.com/img/pokemon/poke0264.jpeg,1533,156,142,128,normal,,0,3
696,Tyrunt,https://pokegocomplete.com/img/pokemon/poke0696.jpeg,1529,116,158,138,rock,dragon,0,6
783,Hakamo-o,https://pokegocomplete.com/img/pokemon/poke0783.jpeg,1527,110,145,172,dragon,fighting,0,7
402,Kricketune,https://pokegocomplete.com/img/pokemon/poke0402.jpeg,1523,154,160,100,bug,,0,4
608,Lampent,https://pokegocomplete.com/img/pokemon/poke0608.jpeg,1522,120,169,115,ghost,fire,0,5
44,Gloom,https://pokegocomplete.com/img/pokemon/poke0044.jpeg,1512,120,153,139,grass,poison,0,1
253,Grovyle,https://pokegocomplete.com/img/pokemon/poke0253.jpeg,1508,100,172,130,grass,,0,3
184,Azumarill,https://pokegocomplete.com/img/pokemon/poke0184.jpeg,1503,200,112,152,water,fairy,0,2
77,Ponyta,https://pokegocomplete.com/img/pokemon/poke0077.jpeg,1502,100,170,132,fire,,0,1
351,Castform,https://pokegocomplete.com/img/pokemon/poke0351.jpeg,1486,140,139,139,normal,,0,3
5,Charmeleon,https://pokegocomplete.com/img/pokemon/poke0005.jpeg,1484,116,158,129,fire,,0,1
156,Quilava,https://pokegocomplete.com/img/pokemon/poke0156.jpeg,1484,116,158,129,fire,,0,2
303,Mawile,https://pokegocomplete.com/img/pokemon/poke0303.jpeg,1484,100,155,155,steel,fairy,0,3
748,Toxapex,https://pokegocomplete.com/img/pokemon/poke0748.jpeg,1478,100,114,278,poison,water,0,7
70,Weepinbell,https://pokegocomplete.com/img/pokemon/poke0070.jpeg,1475,130,172,95,grass,poison,0,1
256,Combusken,https://pokegocomplete.com/img/pokemon/poke0256.jpeg,1472,120,163,115,fire,fighting,0,3
113,Chansey,https://pokegocomplete.com/img/pokemon/poke0113.jpeg,1469,500,60,176,normal,,0,1
575,Gothorita,https://pokegocomplete.com/img/pokemon/poke0575.jpeg,1455,120,137,159,psychic,,0,5
657,Frogadier,https://pokegocomplete.com/img/pokemon/poke0657.jpeg,1450,108,168,116,water,,0,6
670,Floette,https://pokegocomplete.com/img/pokemon/poke0670.jpeg,1441,108,136,175,fairy,,0,6
587,Emolga,https://pokegocomplete.com/img/pokemon/poke0587.jpeg,1439,110,158,127,electric,flying,0,5
83,Farfetch'd,https://pokegocomplete.com/img/pokemon/poke0083.jpeg,1430,104,167,118,normal,flying,0,1
507,Herdier,https://pokegocomplete.com/img/pokemon/poke0507.jpeg,1428,130,145,126,normal,,0,5
320,Wailmer,https://pokegocomplete.com/img/pokemon/poke0320.jpeg,1424,260,136,68,water,,0,3
681,Aegislash,https://pokegocomplete.com/img/pokemon/poke0681.jpeg,1421,120,97,291,steel,ghost,0,6
391,Monferno,https://pokegocomplete.com/img/pokemon/poke0391.jpeg,1415,128,158,105,fire,fighting,0,4
564,Tirtouga,https://pokegocomplete.com/img/pokemon/poke0564.jpeg,1411,108,134,172,water,rock,0,5
583,Vanillish,https://pokegocomplete.com/img/pokemon/poke0583.jpeg,1409,102,151,143,ice,,0,5
660,Diggersby,https://pokegocomplete.com/img/pokemon/poke0660.jpeg,1406,170,112,155,normal,ground,0,6
180,Flaaffy,https://pokegocomplete.com/img/pokemon/poke0180.jpeg,1402,140,145,112,electric,,0,2
411,Bastiodon,https://pokegocomplete.com/img/pokemon/poke0411.jpeg,1401,120,94,299,rock,steel,0,4
198,Murkrow,https://pokegocomplete.com/img/pokemon/poke0198.jpeg,1392,120,175,87,dark,flying,0,2
98,Krabby,https://pokegocomplete.com/img/pokemon/poke0098.jpeg,1386,60,181,156,water,,0,1
301,Delcatty,https://pokegocomplete.com/img/pokemon/poke0301.jpeg,1385,140,132,132,normal,,0,3
674,Pancham,https://pokegocomplete.com/img/pokemon/poke0674.jpeg,1380,134,145,113,fighting,,0,6
222,Corsola,https://pokegocomplete.com/img/pokemon/poke0222.jpeg,1378,130,118,175,water,rock,0,2
774,Minior,https://pokegocomplete.com/img/pokemon/poke0774.jpeg,1374,120,116,194,rock,flying,0,7
627,Rufflet,https://pokegocomplete.com/img/pokemon/poke0627.jpeg,1357,140,150,97,normal,flying,0,5
138,Omanyte,https://pokegocomplete.com/img/pokemon/poke0138.jpeg,1345,70,155,174,rock,water,0,1
520,Tranquill,https://pokegocomplete.com/img/pokemon/poke0520.jpeg,1345,124,144,117,normal,flying,0,5
356,Dusclops,https://pokegocomplete.com/img/pokemon/poke0356.jpeg,1335,80,124,234,ghost,,0,3
193,Yanma,https://pokegocomplete.com/img/pokemon/poke0193.jpeg,1326,130,154,94,bug,flying,0,2
8,Wartortle,https://pokegocomplete.com/img/pokemon/poke0008.jpeg,1324,118,126,155,water,,0,1
404,Luxio,https://pokegocomplete.com/img/pokemon/poke0404.jpeg,1324,120,159,95,electric,,0,4
108,Lickitung,https://pokegocomplete.com/img/pokemon/poke0108.jpeg,1322,180,108,137,normal,,0,1
662,Fletchinder,https://pokegocomplete.com/img/pokemon/poke0662.jpeg,1322,124,145,111,fire,flying,0,6
636,Larvesta,https://pokegocomplete.com/img/pokemon/poke0636.jpeg,1318,110,156,107,bug,fire,0,5
61,Poliwhirl,https://pokegocomplete.com/img/pokemon/poke0061.jpeg,1313,130,130,130,water,,0,1
554,Darumaka,https://pokegocomplete.com/img/pokemon/poke0554.jpeg,1312,140,153,86,fire,,0,5
347,Anorith,https://pokegocomplete.com/img/pokemon/poke0347.jpeg,1310,90,176,100,rock,bug,0,3
302,Sableye,https://pokegocomplete.com/img/pokemon/poke0302.jpeg,1305,100,141,141,dark,ghost,0,3
449,Hippopotas,https://pokegocomplete.com/img/pokemon/poke0449.jpeg,1302,136,124,134,ground,,0,4
732,Trumbeak,https://pokegocomplete.com/img/pokemon/poke0732.jpeg,1302,110,159,100,normal,flying,0,7
624,Pawniard,https://pokegocomplete.com/img/pokemon/poke0624.jpeg,1297,90,154,129,dark,steel,0,5
153,Bayleef,https://pokegocomplete.com/img/pokemon/poke0153.jpeg,1296,120,122,155,grass,,0,2
679,Honedge,https://pokegocomplete.com/img/pokemon/poke0679.jpeg,1295,90,135,167,steel,ghost,0,6
698,Amaura,https://pokegocomplete.com/img/pokemon/poke0698.jpeg,1291,154,124,116,rock,ice,0,6
667,Litleo,https://pokegocomplete.com/img/pokemon/poke0667.jpeg,1287,124,139,114,fire,normal,0,6
325,Spoink,https://pokegocomplete.com/img/pokemon/poke0325.jpeg,1285,120,125,145,psychic,,0,3
496,Servine,https://pokegocomplete.com/img/pokemon/poke0496.jpeg,1284,120,122,152,grass,,0,5
536,Palpitoad,https://pokegocomplete.com/img/pokemon/poke0536.jpeg,1277,150,128,109,water,ground,0,5
703,Carbink,https://pokegocomplete.com/img/pokemon/poke0703.jpeg,1276,100,95,285,rock,fairy,0,6
166,Ledian,https://pokegocomplete.com/img/pokemon/poke0166.jpeg,1275,110,107,209,bug,flying,0,2
308,Medicham,https://pokegocomplete.com/img/pokemon/poke0308.jpeg,1275,120,121,152,fighting,psychic,0,3
88,Grimer,https://pokegocomplete.com/img/pokemon/poke0088.jpeg,1269,160,135,90,poison,,0,1
532,Timburr,https://pokegocomplete.com/img/pokemon/poke0532.jpeg,1265,150,134,97,fighting,,0,5
552,Krokorok,https://pokegocomplete.com/img/pokemon/poke0552.jpeg,1264,120,155,90,ground,dark,0,5
33,Nidorino,https://pokegocomplete.com/img/pokemon/poke0033.jpeg,1252,122,137,112,poison,,0,1
529,Drilbur,https://pokegocomplete.com/img/pokemon/poke0529.jpeg,1244,120,154,88,ground,,0,5
294,Loudred,https://pokegocomplete.com/img/pokemon/poke0294.jpeg,1233,168,134,81,normal,,0,3
304,Aron,https://pokegocomplete.com/img/pokemon/poke0304.jpeg,1232,100,121,168,steel,rock,0,3
759,Stufful,https://pokegocomplete.com/img/pokemon/poke0759.jpeg,1231,140,136,95,normal,fighting,0,7
238,Smoochum,https://pokegocomplete.com/img/pokemon/poke0238.jpeg,1230,90,153,116,ice,psychic,0,2
610,Axew,https://pokegocomplete.com/img/pokemon/poke0610.jpeg,1225,92,154,111,dragon,,0,5
541,Swadloon,https://pokegocomplete.com/img/pokemon/poke0541.jpeg,1221,110,115,166,bug,grass,0,5
605,Elgyem,https://pokegocomplete.com/img/pokemon/poke0605.jpeg,1220,110,148,100,psychic,,0,5
30,Nidorina,https://pokegocomplete.com/img/pokemon/poke0030.jpeg,1218,140,117,126,poison,,0,1
438,Bonsly,https://pokegocomplete.com/img/pokemon/poke0438.jpeg,1213,100,124,155,rock,,0,4
771,Pyukumuku,https://pokegocomplete.com/img/pokemon/poke0771.jpeg,1209,110,97,224,water,,0,7
79,Slowpoke,https://pokegocomplete.com/img/pokemon/poke0079.jpeg,1204,180,109,109,water,psychic,0,1
66,Machop,https://pokegocomplete.com/img/pokemon/poke0066.jpeg,1199,140,137,88,fighting,,0,1
739,Crabrawler,https://pokegocomplete.com/img/pokemon/poke0739.jpeg,1198,94,150,109,fighting,,0,7
577,Solosis,https://pokegocomplete.com/img/pokemon/poke0577.jpeg,1195,90,170,87,psychic,,0,5
27,Sandshrew,https://pokegocomplete.com/img/pokemon/poke0027.jpeg,1194,100,126,145,ground,,0,1
74,Geodude,https://pokegocomplete.com/img/pokemon/poke0074.jpeg,1193,80,132,163,rock,ground,0,1
559,Scraggy,https://pokegocomplete.com/img/pokemon/poke0559.jpeg,1193,100,132,132,dark,fighting,0,5
619,Mienfoo,https://pokegocomplete.com/img/pokemon/poke0619.jpeg,1190,90,160,98,fighting,,0,5
190,Aipom,https://pokegocomplete.com/img/pokemon/poke0190.jpeg,1188,110,136,112,normal,,0,2
216,Teddiursa,https://pokegocomplete.com/img/pokemon/poke0216.jpeg,1184,120,142,93,normal,,0,2
345,Lileep,https://pokegocomplete.com/img/pokemon/poke0345.jpeg,1181,132,105,154,rock,grass,0,3
240,Magby,https://pokegocomplete.com/img/pokemon/poke0240.jpeg,1178,90,151,108,fire,,0,2
629,Vullaby,https://pokegocomplete.com/img/pokemon/poke0629.jpeg,1176,140,105,144,dark,flying,0,5
231,Phanpy,https://pokegocomplete.com/img/pokemon/poke0231.jpeg,1175,180,107,107,ground,,0,2
140,Kabuto,https://pokegocomplete.com/img/pokemon/poke0140.jpeg,1172,60,148,162,rock,water,0,1
397,Staravia,https://pokegocomplete.com/img/pokemon/poke0397.jpeg,1170,110,142,99,normal,flying,0,4
682,Spritzee,https://pokegocomplete.com/img/pokemon/poke0682.jpeg,1168,156,110,116,fairy,,0,6
524,Roggenrola,https://pokegocomplete.com/img/pokemon/poke0524.jpeg,1166,110,121,136,rock,,0,5
592,Frillish,https://pokegocomplete.com/img/pokemon/poke0592.jpeg,1166,110,115,150,water,ghost,0,5
712,Bergmite,https://pokegocomplete.com/img/pokemon/poke0712.jpeg,1158,110,117,143,ice,,0,6
458,Mantyke,https://pokegocomplete.com/img/pokemon/poke0458.jpeg,1157,90,105,212,water,flying,0,4
672,Skiddo,https://pokegocomplete.com/img/pokemon/poke0672.jpeg,1154,132,123,107,grass,,0,6
425,Drifloon,https://pokegocomplete.com/img/pokemon/poke0425.jpeg,1151,180,117,85,ghost,flying,0,4
557,Dwebble,https://pokegocomplete.com/img/pokemon/poke0557.jpeg,1151,100,118,152,bug,rock,0,5
63,Abra,https://pokegocomplete.com/img/pokemon/poke0063.jpeg,1148,50,195,103,psychic,,0,1
769,Sandygast,https://pokegocomplete.com/img/pokemon/poke0769.jpeg,1146,110,120,133,ghost,ground,0,7
677,Espurr,https://pokegocomplete.com/img/pokemon/poke0677.jpeg,1142,124,120,117,psychic,,0,6
427,Buneary,https://pokegocomplete.com/img/pokemon/poke0427.jpeg,1136,110,130,111,normal,,0,4
209,Snubbull,https://pokegocomplete.com/img/pokemon/poke0209.jpeg,1124,120,137,89,fairy,,0,2
269,Dustox,https://pokegocomplete.com/img/pokemon/poke0269.jpeg,1121,120,98,172,bug,poison,0,3
274,Nuzleaf,https://pokegocomplete.com/img/pokemon/poke0274.jpeg,1117,140,134,78,grass,dark,0,3
58,Growlithe,https://pokegocomplete.com/img/pokemon/poke0058.jpeg,1110,110,136,96,fire,,0,1
228,Houndour,https://pokegocomplete.com/img/pokemon/poke0228.jpeg,1110,90,152,93,dark,fire,0,2
417,Pachirisu,https://pokegocomplete.com/img/pokemon/poke0417.jpeg,1110,120,94,182,electric,,0,4
341,Corphish,https://pokegocomplete.com/img/pokemon/poke0341.jpeg,1107,86,141,113,water,,0,3
102,Exeggcute,https://pokegocomplete.com/img/pokemon/poke0102.jpeg,1102,120,107,140,grass,psychic,0,1
271,Lombre,https://pokegocomplete.com/img/pokemon/poke0271.jpeg,1102,120,112,128,water,grass,0,3
328,Trapinch,https://pokegocomplete.com/img/pokemon/poke0328.jpeg,1092,90,162,78,ground,,0,3
109,Koffing,https://pokegocomplete.com/img/pokemon/poke0109.jpeg,1091,80,119,164,poison,,0,1
366,Clamperl,https://pokegocomplete.com/img/pokemon/poke0366.jpeg,1091,70,133,149,water,,0,3
327,Spinda,https://pokegocomplete.com/img/pokemon/poke0327.jpeg,1088,120,116,116,normal,,0,3
17,Pidgeotto,https://pokegocomplete.com/img/pokemon/poke0017.jpeg,1085,126,117,108,normal,flying,0,1
35,Clefairy,https://pokegocomplete.com/img/pokemon/poke0035.jpeg,1085,140,107,116,fairy,,0,1
81,Magnemite,https://pokegocomplete.com/img/pokemon/poke0081.jpeg,1083,50,165,128,electric,steel,0,1
710,Pumpkaboo,https://pokegocomplete.com/img/pokemon/poke0710.jpeg,1083,98,121,129,ghost,grass,0,6
331,Cacnea,https://pokegocomplete.com/img/pokemon/poke0331.jpeg,1080,100,156,74,grass,,0,3
517,Munna,https://pokegocomplete.com/img/pokemon/poke0517.jpeg,1076,152,111,97,psychic,,0,5
239,Elekid,https://pokegocomplete.com/img/pokemon/poke0239.jpeg,1073,90,135,110,electric,,0,2
684,Swirlix,https://pokegocomplete.com/img/pokemon/poke0684.jpeg,1072,124,109,123,fairy,,0,6
43,Oddish,https://pokegocomplete.com/img/pokemon/poke0043.jpeg,1069,90,131,116,grass,poison,0,1
422,Shellos,https://pokegocomplete.com/img/pokemon/poke0422.jpeg,1069,152,103,111,water,,0,4
170,Chinchou,https://pokegocomplete.com/img/pokemon/poke0170.jpeg,1067,150,106,106,water,electric,0,2
387,Turtwig,https://pokegocomplete.com/img/pokemon/poke0387.jpeg,1066,110,119,115,grass,,0,4
329,Vibrava,https://pokegocomplete.com/img/pokemon/poke0329.jpeg,1065,100,134,99,ground,dragon,0,3
622,Golett,https://pokegocomplete.com/img/pokemon/poke0622.jpeg,1058,118,127,92,ground,ghost,0,5
459,Snover,https://pokegocomplete.com/img/pokemon/poke0459.jpeg,1054,120,115,110,grass,ice,0,4
371,Bagon,https://pokegocomplete.com/img/pokemon/poke0371.jpeg,1053,90,134,107,dragon,,0,3
434,Stunky,https://pokegocomplete.com/img/pokemon/poke0434.jpeg,1048,126,121,93,poison,dark,0,4
204,Pineco,https://pokegocomplete.com/img/pokemon/poke0204.jpeg,1045,100,108,146,bug,,0,2
588,Karrablast,https://pokegocomplete.com/img/pokemon/poke0588.jpeg,1028,100,137,87,bug,,0,5
202,Wobbuffet,https://pokegocomplete.com/img/pokemon/poke0202.jpeg,1024,380,60,106,psychic,,0,2
201,Unown,https://pokegocomplete.com/img/pokemon/poke0201.jpeg,1022,96,136,91,psychic,,0,2
84,Doduo,https://pokegocomplete.com/img/pokemon/poke0084.jpeg,1011,70,158,88,normal,flying,0,1
158,Totodile,https://pokegocomplete.com/img/pokemon/poke0158.jpeg,1011,100,117,116,water,,0,2
585,Deerling,https://pokegocomplete.com/img/pokemon/poke0585.jpeg,1011,120,115,100,normal,grass,0,5
650,Chespin,https://pokegocomplete.com/img/pokemon/poke0650.jpeg,1007,112,110,116,grass,,0,6
118,Goldeen,https://pokegocomplete.com/img/pokemon/poke0118.jpeg,1006,90,123,115,water,,0,1
56,Mankey,https://pokegocomplete.com/img/pokemon/poke0056.jpeg,1002,80,148,87,fighting,,0,1
92,Gastly,https://pokegocomplete.com/img/pokemon/poke0092.jpeg,1002,60,186,70,ghost,poison,0,1
95,Onix,https://pokegocomplete.com/img/pokemon/poke0095.jpeg,1002,70,85,288,rock,ground,0,1
96,Drowzee,https://pokegocomplete.com/img/pokemon/poke0096.jpeg,992,120,89,158,psychic,,0,1
443,Gible,https://pokegocomplete.com/img/pokemon/poke0443.jpeg,988,116,124,84,dragon,ground,0,4
570,Zorua,https://pokegocomplete.com/img/pokemon/poke0570.jpeg,986,80,153,78,dark,,0,5
728,Popplio,https://pokegocomplete.com/img/pokemon/poke0728.jpeg,986,100,120,104,water,,0,7
544,Whirlipede,https://pokegocomplete.com/img/pokemon/poke0544.jpeg,982,80,100,182,bug,poison,0,5
1,Bulbasaur,https://pokegocomplete.com/img/pokemon/poke0001.jpeg,981,90,118,118,grass,poison,0,1
258,Mudkip,https://pokegocomplete.com/img/pokemon/poke0258.jpeg,981,100,126,93,water,,0,3
498,Tepig,https://pokegocomplete.com/img/pokemon/poke0498.jpeg,977,130,115,85,fire,,0,5
708,Phantump,https://pokegocomplete.com/img/pokemon/poke0708.jpeg,974,86,125,108,ghost,grass,0,6
722,Rowlet,https://pokegocomplete.com/img/pokemon/poke0722.jpeg,971,136,102,102,grass,flying,0,7
133,Eevee,https://pokegocomplete.com/img/pokemon/poke0133.jpeg,969,110,104,121,normal,,0,1
757,Salandit,https://pokegocomplete.com/img/pokemon/poke0757.jpeg,968,96,136,80,poison,fire,0,7
54,Psyduck,https://pokegocomplete.com/img/pokemon/poke0054.jpeg,966,100,122,96,water,,0,1
669,Flabb,https://pokegocomplete.com/img/pokemon/poke0669.jpeg,964,88,108,138,fairy,,0,6
255,Torchic,https://pokegocomplete.com/img/pokemon/poke0255.jpeg,959,90,130,92,fire,,0,3
90,Shellder,https://pokegocomplete.com/img/pokemon/poke0090.jpeg,958,60,116,168,water,,0,1
322,Numel,https://pokegocomplete.com/img/pokemon/poke0322.jpeg,957,120,119,82,fire,ground,0,3
72,Tentacool,https://pokegocomplete.com/img/pokemon/poke0072.jpeg,956,80,97,182,water,poison,0,1
692,Clauncher,https://pokegocomplete.com/img/pokemon/poke0692.jpeg,950,100,108,118,water,,0,6
393,Piplup,https://pokegocomplete.com/img/pokemon/poke0393.jpeg,947,106,112,103,water,,0,4
418,Buizel,https://pokegocomplete.com/img/pokemon/poke0418.jpeg,946,110,132,70,water,,0,4
104,Cubone,https://pokegocomplete.com/img/pokemon/poke0104.jpeg,943,100,90,165,ground,,0,1
287,Slakoth,https://pokegocomplete.com/img/pokemon/poke0287.jpeg,942,120,104,104,normal,,0,3
613,Cubchoo,https://pokegocomplete.com/img/pokemon/poke0613.jpeg,942,110,128,74,ice,,0,5
225,Delibird,https://pokegocomplete.com/img/pokemon/poke0225.jpeg,937,90,128,90,ice,flying,0,2
633,Deino,https://pokegocomplete.com/img/pokemon/poke0633.jpeg,927,104,116,93,dark,dragon,0,5
120,Staryu,https://pokegocomplete.com/img/pokemon/poke0120.jpeg,926,60,137,112,water,,0,1
177,Natu,https://pokegocomplete.com/img/pokemon/poke0177.jpeg,925,80,134,89,psychic,flying,0,2
690,Skrelp,https://pokegocomplete.com/img/pokemon/poke0690.jpeg,924,100,109,109,poison,water,0,6
252,Treecko,https://pokegocomplete.com/img/pokemon/poke0252.jpeg,923,80,124,104,grass,,0,3
116,Horsea,https://pokegocomplete.com/img/pokemon/poke0116.jpeg,921,60,129,125,water,,0,1
501,Oshawott,https://pokegocomplete.com/img/pokemon/poke0501.jpeg,921,110,117,85,water,,0,5
527,Woobat,https://pokegocomplete.com/img/pokemon/poke0527.jpeg,917,130,107,85,psychic,flying,0,5
69,Bellsprout,https://pokegocomplete.com/img/pokemon/poke0069.jpeg,916,100,139,64,grass,poison,0,1
590,Foongus,https://pokegocomplete.com/img/pokemon/poke0590.jpeg,907,138,97,95,grass,poison,0,5
246,Larvitar,https://pokegocomplete.com/img/pokemon/poke0246.jpeg,904,100,115,93,rock,ground,0,2
48,Venonat,https://pokegocomplete.com/img/pokemon/poke0048.jpeg,902,120,100,102,bug,poison,0,1
551,Sandile,https://pokegocomplete.com/img/pokemon/poke0551.jpeg,902,100,132,69,ground,dark,0,5
86,Seel,https://pokegocomplete.com/img/pokemon/poke0086.jpeg,899,130,85,128,water,,0,1
653,Fennekin,https://pokegocomplete.com/img/pokemon/poke0653.jpeg,898,80,116,112,fire,,0,6
755,Morelull,https://pokegocomplete.com/img/pokemon/poke0755.jpeg,895,80,108,128,grass,fairy,0,7
704,Goomy,https://pokegocomplete.com/img/pokemon/poke0704.jpeg,893,90,101,130,dragon,,0,6
451,Skorupi,https://pokegocomplete.com/img/pokemon/poke0451.jpeg,889,80,93,168,poison,bug,0,4
595,Joltik,https://pokegocomplete.com/img/pokemon/poke0595.jpeg,889,100,110,98,bug,electric,0,5
179,Mareep,https://pokegocomplete.com/img/pokemon/poke0179.jpeg,887,110,114,82,electric,,0,2
725,Litten,https://pokegocomplete.com/img/pokemon/poke0725.jpeg,887,90,128,79,fire,,0,7
188,Skiploom,https://pokegocomplete.com/img/pokemon/poke0188.jpeg,882,110,91,127,grass,flying,0,2
548,Petilil,https://pokegocomplete.com/img/pokemon/poke0548.jpeg,882,90,119,91,grass,,0,5
363,Spheal,https://pokegocomplete.com/img/pokemon/poke0363.jpeg,876,140,95,90,ice,water,0,3
607,Litwick,https://pokegocomplete.com/img/pokemon/poke0607.jpeg,875,100,108,98,ghost,fire,0,5
318,Carvanha,https://pokegocomplete.com/img/pokemon/poke0318.jpeg,874,90,171,39,water,dark,0,3
353,Shuppet,https://pokegocomplete.com/img/pokemon/poke0353.jpeg,872,88,138,66,ghost,,0,3
568,Trubbish,https://pokegocomplete.com/img/pokemon/poke0568.jpeg,870,100,96,122,poison,,0,5
582,Vanillite,https://pokegocomplete.com/img/pokemon/poke0582.jpeg,869,72,118,111,ice,,0,5
439,Mime Jr.,https://pokegocomplete.com/img/pokemon/poke0439.jpeg,867,40,125,164,psychic,fairy,0,4
782,Jangmo-o,https://pokegocomplete.com/img/pokemon/poke0782.jpeg,863,90,102,118,dragon,,0,7
747,Mareanie,https://pokegocomplete.com/img/pokemon/poke0747.jpeg,862,100,98,115,poison,water,0,7
433,Chingling,https://pokegocomplete.com/img/pokemon/poke0433.jpeg,861,90,114,94,psychic,,0,4
147,Dratini,https://pokegocomplete.com/img/pokemon/poke0147.jpeg,860,82,119,94,dragon,,0,1
100,Voltorb,https://pokegocomplete.com/img/pokemon/poke0100.jpeg,857,80,109,114,electric,,0,1
456,Finneon,https://pokegocomplete.com/img/pokemon/poke0456.jpeg,853,98,96,119,water,,0,4
540,Sewaddle,https://pokegocomplete.com/img/pokemon/poke0540.jpeg,852,90,96,129,bug,grass,0,5
736,Grubbin,https://pokegocomplete.com/img/pokemon/poke0736.jpeg,847,94,115,85,bug,,0,7
656,Froakie,https://pokegocomplete.com/img/pokemon/poke0656.jpeg,846,82,122,86,water,,0,6
281,Kirlia,https://pokegocomplete.com/img/pokemon/poke0281.jpeg,843,76,117,100,psychic,fairy,0,3
374,Beldum,https://pokegocomplete.com/img/pokemon/poke0374.jpeg,843,80,96,141,steel,psychic,0,3
562,Yamask,https://pokegocomplete.com/img/pokemon/poke0562.jpeg,841,76,95,150,ghost,,0,5
46,Paras,https://pokegocomplete.com/img/pokemon/poke0046.jpeg,836,70,121,99,bug,grass,0,1
574,Gothita,https://pokegocomplete.com/img/pokemon/poke0574.jpeg,834,90,98,118,psychic,,0,5
447,Riolu,https://pokegocomplete.com/img/pokemon/poke0447.jpeg,833,80,127,78,fighting,,0,4
511,Pansage,https://pokegocomplete.com/img/pokemon/poke0511.jpeg,832,100,104,94,grass,,0,5
513,Pansear,https://pokegocomplete.com/img/pokemon/poke0513.jpeg,832,100,104,94,fire,,0,5
515,Panpour,https://pokegocomplete.com/img/pokemon/poke0515.jpeg,832,100,104,94,water,,0,5
4,Charmander,https://pokegocomplete.com/img/pokemon/poke0004.jpeg,831,78,116,96,fire,,0,1
155,Cyndaquil,https://pokegocomplete.com/img/pokemon/poke0155.jpeg,831,78,116,96,fire,,0,2
299,Nosepass,https://pokegocomplete.com/img/pokemon/poke0299.jpeg,831,60,82,236,rock,,0,3
420,Cherubi,https://pokegocomplete.com/img/pokemon/poke0420.jpeg,829,90,108,96,grass,,0,4
686,Inkay,https://pokegocomplete.com/img/pokemon/poke0686.jpeg,825,106,98,98,dark,psychic,0,6
431,Glameow,https://pokegocomplete.com/img/pokemon/poke0431.jpeg,823,98,109,85,normal,,0,4
453,Croagunk,https://pokegocomplete.com/img/pokemon/poke0453.jpeg,822,96,116,76,poison,fighting,0,4
599,Klink,https://pokegocomplete.com/img/pokemon/poke0599.jpeg,816,80,98,126,steel,,0,5
390,Chimchar,https://pokegocomplete.com/img/pokemon/poke0390.jpeg,815,88,113,86,fire,,0,4
694,Helioptile,https://pokegocomplete.com/img/pokemon/poke0694.jpeg,815,88,115,83,electric,normal,0,6
744,Rockruff,https://pokegocomplete.com/img/pokemon/poke0744.jpeg,814,90,117,78,rock,,0,7
688,Binacle,https://pokegocomplete.com/img/pokemon/poke0688.jpeg,813,84,96,124,rock,water,0,6
309,Electrike,https://pokegocomplete.com/img/pokemon/poke0309.jpeg,810,80,123,78,electric,,0,3
7,Squirtle,https://pokegocomplete.com/img/pokemon/poke0007.jpeg,808,88,94,122,water,,0,1
597,Ferroseed,https://pokegocomplete.com/img/pokemon/poke0597.jpeg,806,88,82,157,grass,steel,0,5
152,Chikorita,https://pokegocomplete.com/img/pokemon/poke0152.jpeg,801,90,92,122,grass,,0,2
316,Gulpin,https://pokegocomplete.com/img/pokemon/poke0316.jpeg,788,140,80,99,poison,,0,3
25,Pikachu,https://pokegocomplete.com/img/pokemon/poke0025.jpeg,787,70,112,101,electric,,0,1
506,Lillipup,https://pokegocomplete.com/img/pokemon/poke0506.jpeg,784,90,107,86,normal,,0,5
23,Ekans,https://pokegocomplete.com/img/pokemon/poke0023.jpeg,778,70,110,102,poison,,0,1
37,Vulpix,https://pokegocomplete.com/img/pokemon/poke0037.jpeg,774,76,96,122,fire,,0,1
361,Snorunt,https://pokegocomplete.com/img/pokemon/poke0361.jpeg,772,100,95,95,ice,,0,3
519,Pidove,https://pokegocomplete.com/img/pokemon/poke0519.jpeg,771,100,98,89,normal,flying,0,5
572,Minccino,https://pokegocomplete.com/img/pokemon/poke0572.jpeg,769,110,98,80,normal,,0,5
580,Ducklett,https://pokegocomplete.com/img/pokemon/poke0580.jpeg,768,124,84,96,water,flying,0,5
406,Budew,https://pokegocomplete.com/img/pokemon/poke0406.jpeg,766,80,91,126,grass,poison,0,4
734,Yungoos,https://pokegocomplete.com/img/pokemon/poke0734.jpeg,759,96,122,56,normal,,0,7
522,Blitzle,https://pokegocomplete.com/img/pokemon/poke0522.jpeg,756,90,118,64,electric,,0,5
218,Slugma,https://pokegocomplete.com/img/pokemon/poke0218.jpeg,750,80,118,71,fire,,0,2
403,Shinx,https://pokegocomplete.com/img/pokemon/poke0403.jpeg,750,90,117,64,electric,,0,4
223,Remoraid,https://pokegocomplete.com/img/pokemon/poke0223.jpeg,749,70,127,69,water,,0,2
731,Pikipek,https://pokegocomplete.com/img/pokemon/poke0731.jpeg,747,70,136,59,normal,flying,0,7
616,Shelmet,https://pokegocomplete.com/img/pokemon/poke0616.jpeg,746,100,72,149,bug,,0,5
296,Makuhita,https://pokegocomplete.com/img/pokemon/poke0296.jpeg,745,144,99,54,fighting,,0,3
742,Cutiefly,https://pokegocomplete.com/img/pokemon/poke0742.jpeg,745,80,110,81,bug,fairy,0,7
32,Nidoran,https://pokegocomplete.com/img/pokemon/poke0032.jpeg,739,92,105,76,poison,,0,1
29,Nidoran,https://pokegocomplete.com/img/pokemon/poke0029.jpeg,736,110,86,94,poison,,0,1
370,Luvdisc,https://pokegocomplete.com/img/pokemon/poke0370.jpeg,735,86,81,134,water,,0,3
410,Shieldon,https://pokegocomplete.com/img/pokemon/poke0410.jpeg,735,60,76,208,rock,steel,0,4
535,Tympole,https://pokegocomplete.com/img/pokemon/poke0535.jpeg,729,100,98,78,water,,0,5
495,Snivy,https://pokegocomplete.com/img/pokemon/poke0495.jpeg,728,90,88,107,grass,,0,5
285,Shroomish,https://pokegocomplete.com/img/pokemon/poke0285.jpeg,722,120,74,110,grass,,0,3
333,Swablu,https://pokegocomplete.com/img/pokemon/poke0333.jpeg,722,90,76,139,normal,flying,0,3
132,Ditto,https://pokegocomplete.com/img/pokemon/poke0132.jpeg,718,96,91,91,normal,,0,1
339,Barboach,https://pokegocomplete.com/img/pokemon/poke0339.jpeg,716,100,93,83,water,ground,0,3
39,Jigglypuff,https://pokegocomplete.com/img/pokemon/poke0039.jpeg,713,230,80,44,normal,fairy,0,1
661,Fletchling,https://pokegocomplete.com/img/pokemon/poke0661.jpeg,696,90,95,83,normal,flying,0,6
60,Poliwag,https://pokegocomplete.com/img/pokemon/poke0060.jpeg,695,80,101,82,water,,0,1
283,Surskit,https://pokegocomplete.com/img/pokemon/poke0283.jpeg,695,80,93,97,bug,water,0,3
790,Cosmoem,https://pokegocomplete.com/img/pokemon/poke0790.jpeg,694,86,54,242,psychic,,0,7
167,Spinarak,https://pokegocomplete.com/img/pokemon/poke0167.jpeg,685,80,105,73,bug,poison,0,2
504,Patrat,https://pokegocomplete.com/img/pokemon/poke0504.jpeg,678,90,98,73,normal,,0,5
343,Baltoy,https://pokegocomplete.com/img/pokemon/poke0343.jpeg,676,80,77,131,ground,psychic,0,3
290,Nincada,https://pokegocomplete.com/img/pokemon/poke0290.jpeg,674,62,80,153,bug,ground,0,3
21,Spearow,https://pokegocomplete.com/img/pokemon/poke0021.jpeg,673,80,112,61,normal,flying,0,1
602,Tynamo,https://pokegocomplete.com/img/pokemon/poke0602.jpeg,666,70,105,78,electric,,0,5
165,Ledyba,https://pokegocomplete.com/img/pokemon/poke0165.jpeg,663,80,72,142,bug,flying,0,2
220,Swinub,https://pokegocomplete.com/img/pokemon/poke0220.jpeg,663,100,90,74,ice,ground,0,2
762,Steenee,https://pokegocomplete.com/img/pokemon/poke0762.jpeg,661,104,78,94,grass,,0,7
300,Skitty,https://pokegocomplete.com/img/pokemon/poke0300.jpeg,659,100,84,84,normal,,0,3
509,Purrloin,https://pokegocomplete.com/img/pokemon/poke0509.jpeg,652,82,98,73,dark,,0,5
276,Taillow,https://pokegocomplete.com/img/pokemon/poke0276.jpeg,642,80,106,61,normal,flying,0,3
278,Wingull,https://pokegocomplete.com/img/pokemon/poke0278.jpeg,642,80,106,61,water,flying,0,3
399,Bidoof,https://pokegocomplete.com/img/pokemon/poke0399.jpeg,641,118,80,73,normal,,0,4
163,Hoothoot,https://pokegocomplete.com/img/pokemon/poke0163.jpeg,640,120,67,101,normal,flying,0,2
52,Meowth,https://pokegocomplete.com/img/pokemon/poke0052.jpeg,638,80,92,81,normal,,0,1
753,Fomantis,https://pokegocomplete.com/img/pokemon/poke0753.jpeg,622,80,100,64,grass,,0,7
173,Cleffa,https://pokegocomplete.com/img/pokemon/poke0173.jpeg,620,100,75,91,fairy,,0,2
751,Dewpider,https://pokegocomplete.com/img/pokemon/poke0751.jpeg,615,76,72,126,water,bug,0,7
293,Whismur,https://pokegocomplete.com/img/pokemon/poke0293.jpeg,603,128,92,42,normal,,0,3
396,Starly,https://pokegocomplete.com/img/pokemon/poke0396.jpeg,603,80,101,58,normal,flying,0,4
546,Cottonee,https://pokegocomplete.com/img/pokemon/poke0546.jpeg,599,80,71,116,grass,fairy,0,5
194,Wooper,https://pokegocomplete.com/img/pokemon/poke0194.jpeg,596,110,75,75,water,ground,0,2
543,Venipede,https://pokegocomplete.com/img/pokemon/poke0543.jpeg,590,60,83,109,bug,poison,0,5
19,Rattata,https://pokegocomplete.com/img/pokemon/poke0019.jpeg,588,60,103,70,normal,,0,1
16,Pidgey,https://pokegocomplete.com/img/pokemon/poke0016.jpeg,580,80,85,76,normal,flying,0,1
41,Zubat,https://pokegocomplete.com/img/pokemon/poke0041.jpeg,569,80,83,76,poison,flying,0,1
714,Noibat,https://pokegocomplete.com/img/pokemon/poke0714.jpeg,569,80,83,76,flying,dragon,0,6
261,Poochyena,https://pokegocomplete.com/img/pokemon/poke0261.jpeg,564,70,96,63,dark,,0,3
307,Meditite,https://pokegocomplete.com/img/pokemon/poke0307.jpeg,555,60,78,107,fighting,psychic,0,3
175,Togepi,https://pokegocomplete.com/img/pokemon/poke0175.jpeg,540,70,67,116,fairy,,0,2
436,Bronzor,https://pokegocomplete.com/img/pokemon/poke0436.jpeg,534,114,43,154,steel,psychic,0,4
270,Lotad,https://pokegocomplete.com/img/pokemon/poke0270.jpeg,526,80,71,86,water,grass,0,3
273,Seedot,https://pokegocomplete.com/img/pokemon/poke0273.jpeg,526,80,71,86,grass,,0,3
355,Duskull,https://pokegocomplete.com/img/pokemon/poke0355.jpeg,523,40,70,162,ghost,,0,3
161,Sentret,https://pokegocomplete.com/img/pokemon/poke0161.jpeg,519,70,79,77,normal,,0,2
266,Silcoon,https://pokegocomplete.com/img/pokemon/poke0266.jpeg,517,100,60,91,bug,,0,3
268,Cascoon,https://pokegocomplete.com/img/pokemon/poke0268.jpeg,517,100,60,91,bug,,0,3
174,Igglybuff,https://pokegocomplete.com/img/pokemon/poke0174.jpeg,512,180,69,34,normal,fairy,0,2
187,Hoppip,https://pokegocomplete.com/img/pokemon/poke0187.jpeg,508,70,67,101,grass,flying,0,2
360,Wynaut,https://pokegocomplete.com/img/pokemon/poke0360.jpeg,503,190,41,86,psychic,,0,3
265,Wurmple,https://pokegocomplete.com/img/pokemon/poke0265.jpeg,502,90,75,61,bug,,0,3
50,Diglett,https://pokegocomplete.com/img/pokemon/poke0050.jpeg,465,20,109,88,ground,,0,1
659,Bunnelby,https://pokegocomplete.com/img/pokemon/poke0659.jpeg,463,76,68,73,normal,,0,6
665,Spewpa,https://pokegocomplete.com/img/pokemon/poke0665.jpeg,437,90,48,103,bug,,0,6
280,Ralts,https://pokegocomplete.com/img/pokemon/poke0280.jpeg,436,56,79,63,psychic,fairy,0,3
664,Scatterbug,https://pokegocomplete.com/img/pokemon/poke0664.jpeg,428,76,63,70,bug,,0,6
263,Zigzagoon,https://pokegocomplete.com/img/pokemon/poke0263.jpeg,423,76,58,80,normal,,0,3
292,Shedinja,https://pokegocomplete.com/img/pokemon/poke0292.jpeg,421,2,153,80,bug,ghost,0,3
183,Marill,https://pokegocomplete.com/img/pokemon/poke0183.jpeg,420,140,37,93,water,fairy,0,2
11,Metapod,https://pokegocomplete.com/img/pokemon/poke0011.jpeg,419,100,45,94,bug,,0,1
412,Burmy,https://pokegocomplete.com/img/pokemon/poke0412.jpeg,409,80,53,83,bug,,0,4
236,Tyrogue,https://pokegocomplete.com/img/pokemon/poke0236.jpeg,404,70,64,64,fighting,,0,2
440,Happiny,https://pokegocomplete.com/img/pokemon/poke0440.jpeg,401,200,25,105,normal,,0,4
767,Wimpod,https://pokegocomplete.com/img/pokemon/poke0767.jpeg,400,50,67,79,bug,water,0,7
761,Bounsweet,https://pokegocomplete.com/img/pokemon/poke0761.jpeg,398,84,55,69,grass,,0,7
13,Weedle,https://pokegocomplete.com/img/pokemon/poke0013.jpeg,397,80,63,55,bug,poison,0,1
415,Combee,https://pokegocomplete.com/img/pokemon/poke0415.jpeg,396,60,59,83,bug,flying,0,4
10,Caterpie,https://pokegocomplete.com/img/pokemon/poke0010.jpeg,393,90,55,62,bug,,0,1
14,Kakuna,https://pokegocomplete.com/img/pokemon/poke0014.jpeg,392,90,46,86,bug,poison,0,1
235,Smeargle,https://pokegocomplete.com/img/pokemon/poke0235.jpeg,389,110,40,88,normal,,0,2
172,Pichu,https://pokegocomplete.com/img/pokemon/poke0172.jpeg,376,40,77,63,electric,,0,2
789,Cosmog,https://pokegocomplete.com/img/pokemon/poke0789.jpeg,367,86,54,57,psychic,,0,7
401,Kricketot,https://pokegocomplete.com/img/pokemon/poke0401.jpeg,333,74,45,74,bug,,0,4
191,Sunkern,https://pokegocomplete.com/img/pokemon/poke0191.jpeg,316,60,55,55,grass,,0,2
298,Azurill,https://pokegocomplete.com/img/pokemon/poke0298.jpeg,316,100,36,71,normal,fairy,0,3
746,Wishiwashi,https://pokegocomplete.com/img/pokemon/poke0746.jpeg,304,90,46,46,water,,0,7
213,Shuckle,https://pokegocomplete.com/img/pokemon/poke0213.jpeg,300,40,17,396,bug,rock,0,2
129,Magikarp,https://pokegocomplete.com/img/pokemon/poke0129.jpeg,220,40,29,102,water,,0,1
349,Feebas,https://pokegocomplete.com/img/pokemon/poke0349.jpeg,220,40,29,102,water,,0,3